--會員
--管理員(20)
INSERT INTO admin
    (admin_account, admin_password, admin_level)
VALUES
    ('JohnDoe', 'JD@2024Pass', 1),
    ('AnnaBell', 'ABell*938', 2),
    ('MarkH123', 'MarkH3%89', 3),
    ('LucySky', 'LSky2024!', 4),
    ('EthanWolk', 'Wolk*782', 5),
    ('SophieM', 'SMi123&789', 6),
    ('DaveGrohl', 'D_Grohl*925', 1),
    ('NinaT', 'NinaT88$6', 2),
    ('AlexFergus', 'Alex*536#', 3),
    ('GraceH', 'GH2024!@', 4),
    ('TomHolland', 'TH@2023$$', 5),
    ('EmmaWatson', 'EmmaW123*', 6),
    ('HarryP', 'HPotter*7%', 1),
    ('OliviaD', 'OliviaD8@9', 2),
    ('JakeLong', 'JLong*990', 3),
    ('SarahCon', 'SCon#422', 4),
    ('IanSomer', 'Ian987&$#', 5),
    ('VanessaG', 'Vg*2134!', 6),
    ('PeterPan', 'PeterP@2024', 1),
    ('MiaWallace', 'MiaW$$424', 2);

--學生(20)
INSERT INTO student (
  student_first_name,
  student_last_name,
  student_username,
  student_nickname,
  student_registration_date,
  student_gender,
  student_birth,
  student_mobile,
  student_email,
  student_password,
  student_country,
  student_education,
  student_forum_status,
  student_course_status,
  first_language,
  learning_frequency,
  student_photo
)
VALUES
  ('筱涵', '李', 'leilu', 'Aimyon', '2024-02-21 03:23:37', 'Female', '1992-03-26', '047 84167685', 'xiuyingxiong@yahoo.com', 'ea1IzjDUv+', '台灣', '國中', 1, 0, '西班牙語', '一週大於42小時','student01.jpg'),
  ('柏翰', '蘇', 'jun94', 'Betty', '2022-07-24 17:41:04', 'Female', '1987-01-27', '0991-361281', 'litao@xiong.com', 'B%6GpGYE&H', '阿爾及利亞', '碩士', 1, 1, '英語', '一週約28到42小時','student01.jpg'),
  ('惠婷', '王', 'yanduan', 'Cindy', '2023-01-15 06:17:29', 'Female', '1961-06-03', '0901316761', 'ganglong@gmail.com', 'O$67AggKe!', '加拿大', '國中', 0, 0, '英語', '一週大於42小時','student01.jpg'),
  ('志豪', '林', 'leixia', 'Chris', '2024-04-27 19:24:09', 'Male', '1984-11-27', '0910224528', 'juan39@gmail.com', '(lR$nYpfF3', '奧地利', '高中', 1, 0, '葡萄牙語', '一週約14到28小時','student01.jpg'),
  ('心怡', '陳', 'wen94', 'David', '2020-09-14 08:33:37', 'Male', '1998-05-17', '0938-375129', 'fang71@duan.tw', 'M%5gtXps0r', '安道爾', '小學', 1, 0, '阿拉伯語', '一週約14到28小時','student01.jpg'),
  ('慧君', '林', 'chunliu', 'Taeyeon', '2021-02-01 23:31:02', 'Female', '1985-07-01', '0955-173981', 'chunpei@li.tw', 'gZw8&$3m^E', '台灣', '高中', 0, 1, '德語', '一週約14到28小時','student01.jpg'),
  ('淑芬', '張', 'miao48', 'Dora', '2023-03-10 14:22:17', 'Female', '1973-04-02', '0955-274616', 'wen92@gmail.com', 'G*4zSxvc2%', '阿根廷', '國中', 1, 1, '中文', '一週小於14小時','student01.jpg'),
  ('韻如', '劉', 'duanliu', 'Ella', '2021-12-12 05:00:19', 'Female', '1996-01-21', '0971-184543', 'mingchen@zeng.org', '%L3tV^Xh9a', '白俄羅斯', '大學', 0, 1, '法語', '一週約28到42小時','student01.jpg'),
  ('志強', '葉', 'min96', 'Jason', '2020-07-07 09:23:45', 'Male', '1990-10-23', '0950-379180', 'jun64@yahoo.com', 'c3!ZG*k2Yd', '奧地利', '幼稚園', 0, 0, '西班牙語', '一週約28到42小時','student01.jpg'),
  ('建宏', '楊', 'pei66', 'Joe', '2021-05-18 10:38:01', 'Male', '1970-08-05', '0905-481921', 'xiuying36@xie.org', '2K8#lS9@nW', '巴西', '小學', 1, 1, '英語', '一週約14到28小時','student01.jpg'),
  ('宜庭', '鄭', 'long55', 'Yoona', '2022-11-22 07:44:45', 'Female', '1987-12-17', '0933-261212', 'longjun@chen.tw', 'H4B*v1Cg2L', '柬埔寨', '高中', 1, 0, '中文', '一週約14到28小時','student01.jpg'),
  ('志偉', '黃', 'zhimin', 'John', '2022-02-28 21:11:16', 'Male', '1991-11-09', '0923-748320', 'yuanwen@xiong.tw', 'dW6R!X9p*q', '喀麥隆', '國中', 0, 0, '阿拉伯語', '一週約14到28小時','student01.jpg'),
  ('宜君', '王', 'jing65', 'Lily', '2023-10-01 14:35:53', 'Female', '1999-08-20', '0992-471266', 'xiaoju@xie.tw', 'S*3rBh%m!c', '台灣', '碩士', 1, 1, '英語', '一週約28到42小時','student01.jpg'),
  ('靜怡', '李', 'lifang', 'Paul', '2020-03-14 17:27:24', 'Male', '1964-02-14', '0935-721483', 'jing87@chuang.tw', 'K#5L^gX1y%', '台灣', '幼稚園', 1, 0, '中文', '一週約14到28小時','student01.jpg'),
  ('秀英', '蔡', 'xiu88', 'Peter', '2023-04-22 10:47:18', 'Male', '1969-12-25', '0930-616211', 'xiuying49@gmail.com', 'e$5iS*3oR!', '加拿大', '國中', 1, 0, '法語', '一週小於14小時','student01.jpg'),
  ('建中', '王', 'wangjian', 'Randy', '2022-01-15 11:58:06', 'Male', '1992-07-13', '0930-345621', 'jian94@zeng.tw', '6@Y!vLz3%p', '台灣', '大學', 1, 1, '英語', '一週約28到42小時','student01.jpg'),
  ('雅惠', '黃', 'huangya', 'Ryan', '2020-11-25 20:47:34', 'Male', '1980-03-31', '0945-892211', 'ya94@tan.tw', 'Q#3wLp*oD!', '不丹', '小學', 1, 0, '德語', '一週小於14小時','student01.jpg'),
  ('淑芬', '李', 'shufenli', 'Taylor', '2021-08-14 16:19:04', 'Female', '1972-05-13', '0934-361281', 'shufen98@wang.tw', 'p8&G#2lVr!', '哥倫比亞', '大學', 0, 1, '西班牙語', '一週約28到42小時','student01.jpg'),
  ('建華', '劉', 'jianhua', 'Tommy', '2023-06-02 18:49:30', 'Male', '1983-10-08', '0978-635214', 'jianhua@xiong.tw', 'u5^6cLp1*%', '比利時', '高中', 0, 0, '葡萄牙語', '一週大於42小時','student01.jpg'),
  ('瑞珍', '林', 'rui88', 'Wally', '2023-11-08 22:08:05', 'Male', '1976-04-29', '0975-725426', 'ruizhen@zhuang.tw', 'tG5%xR!mN4', '奧地利', '博士', 1, 1, '英語', '一週小於14小時','student01.jpg');

--老師(20)
INSERT INTO teacher (
  teacher_first_name,
  teacher_last_name,
  teacher_username,
  teacher_registration_date,
  teacher_gender,
  teacher_birth,
  teacher_mobile,
  teacher_email,
  teacher_password,
  teacher_country,
  subject,
  experience,
  status,
  teacher_education,
  certification,
  teach_time,
  strength,
  teacher_forum_status,
  teacher_course_status,
  teacher_photo
)
VALUES
  ('彥廷', '楚', 'fang59', '2022-10-18 00:16:38', 'Unspecified', '1970-08-19', '00-8587591', 'nduan@duan.net', 'R(40w6FcTi', '台灣', '程式', '1-3年', 'part_time', '大學', '日文N1', '少於10小時', '教學經驗豐富，深受學生喜愛，課程內容生動有趣，效果顯著。', 0, 1,'teacher04.jpg'),
  ('中山', '黃', 'yaoyang', '2021-09-23 06:36:48', 'Unspecified', '1963-03-02', '(04) 44509041', 'juanluo@gmail.com', '(Ex6yCjd_)', '台灣', '語言', '5-10年', 'part_time', '大學', '日文N1', '10到20小時', '專業知識深厚，因材施教，激發學生潛能，成果斐然。', 1, 0,'teacher04.jpg'),
  ('佩君', '陳', 'fanlei', '2023-04-26 05:52:01', 'Female', '1969-08-05', '01-19428289', 'xiawei@qiao.org', 'Ng59TjoN_8', '喀麥隆', '語言', '1-3年', 'part_time', '碩士', '日文N1', '20到30小時', '專業知識深厚，因材施教，激發學生潛能，成果斐然。', 1, 0,'teacher04.jpg'),
  ('雅涵', '杜', 'liwei', '2020-03-20 13:48:29', 'Female', '1967-07-11', '0905-593503', 'meifang@liu.tw', 'K6+9G@TpV3', '佛得角', '歷史', '10年以上', 'full_time', '博士后', '日文N1', '超過30小時', '耐心細致指導，學生理解力顯著增強，反饋積極，教學質量高。', 1, 1,'teacher04.jpg'),
  ('欣怡', '張', 'shenjuan', '2023-10-13 19:49:50', 'Female', '1988-04-21', '(06) 47153823', 'chao62@yahoo.com', 'O2f$A4UfsF', '加拿大', '化學', '3-5年', 'part_time', '博士后', '雅思8.0', '20到30小時', '教學風格靈活多變，有效激勵學生，成績顯著提升，深受好評。', 1, 0,'teacher04.jpg'),
  ('淑華', '劉', 'guiyingyin', '2023-01-11 22:35:02', 'Unspecified', '1989-02-27', '(00) 93469903', 'gfang@gmail.com', 'X7+5^Ms1+8', '巴哈馬', '化學', '3-5年', 'part_time', '博士后', '多益金色證書', '20到30小時', '嚴謹治學，公正無私，善於啟發思考，培養學生獨立能力。', 1, 1,'teacher04.jpg'),
  ('冠霖', '朱', 'lei43', '2020-01-02 01:33:53', 'Unspecified', '1957-05-24', '0935-138698', 'gwei@yahoo.com', '#LAhKe&5r2', '安提瓜和巴布達', '數學', '10年以上', 'full_time', '博士后', '多益金色證書', '20到30小時', '善於調動學生學習熱情，寓教於樂，學生學習動力強。', 0, 0,'teacher04.jpg'),
  ('雅涵', '莫', 'tao02', '2020-09-26 16:38:03', 'Male', '1986-11-25', '0900081653', 'xiulanxia@yahoo.com', '#QbyW)Rn0)', '不丹', '地理', '10年以上', 'part_time', '碩士', '日文N1', '20到30小時', '善於調動學生學習熱情，寓教於樂，學生學習動力強。', 0, 1,'teacher04.jpg'),
  ('家瑜', '敖', 'juan14', '2023-01-11 13:56:23', 'Female', '1982-02-08', '08-5762110', 'hluo@lin.com', '@3Tlmxdn$O', '保加利亞', '程式', '10年以上', 'full_time', '碩士', '日文N1', '10到20小時', '善於調動學生學習熱情，寓教於樂，學生學習動力強。', 0, 0,'teacher04.jpg'),
  ('冠廷', '宋', 'yong14', '2021-12-26 13:31:54', 'Male', '1971-09-12', '09-8720504', 'yong43@hu.com', '9)F*4A$@mx', '柬埔寨', '藝術', '1-3年', 'full_time', '博士后', '日文N1', '20到30小時', '課堂生動有趣，學生如痴如醉，進步神速令人驚嘆。', 0, 1,'teacher04.jpg'),
  ('俊宏', '李', 'fangshi', '2024-02-18 19:39:48', 'Unspecified', '1956-04-17', '0917-934461', 'yuwen@pei.org', 'S4n!z3MkV5', '中國', '數學', '10年以上', 'full_time', '博士后', '德文B1', '10到20小時', '教學效果卓越，學生愛戴無比，成績提升如坐火箭。', 0, 0,'teacher04.jpg'),
  ('淑貞', '周', 'yongtao', '2022-09-22 05:38:12', 'Unspecified', '1955-05-28', '(03) 76650604', 'tao81@hotmail.com', 'gkw59DDfK+', '克羅地亞', '程式', '10年以上', 'part_time', '博士后', '德文B1', '超過30小時', 'Experienced teacher, students improve quickly, great results.', 0, 1,'teacher04.jpg'),
  ('惠如', '楊', 'ktan', '2021-08-02 21:41:53', 'Male', '1960-12-21', '0912-047470', 'xia58@yi.tw', 'jAM!7vGqaH', '塞浦路斯', '程式', '3-5年', 'full_time', '博士后', '法文C1', '10到20小時', 'Patient explanations, students respond well and make big improvements.', 0, 0,'teacher04.jpg'),
  ('沖', '齊', 'ohao', '2020-01-19 21:08:01', 'Female', '1963-01-30', '01-79904686', 'smao@zhu.net', '(1zaVE0bD9', '博茨瓦納', '程式', '3-5年', 'full_time', '博士后', '日文N1', '20到30小時', 'Clear explanations, easy to understand, students make quick progress.', 1, 0,'teacher04.jpg'),
  ('淑貞', '李', 'wsun', '2022-12-07 05:43:52', 'Male', '1958-11-19', '003 55356810', 'leihe@yang.org', '2OYvNrgq^O', '巴西', '數學', '3-5年', 'part_time', '博士后', '法文C1', '超過30小時', 'Teaching is effective, students like it, and they improve quickly.', 1, 1,'teacher04.jpg'),
  ('龍', '胡', 'emao', '2020-06-24 05:59:35', 'Male', '1986-02-17', '039 10260339', 'xiuyingkong@yahoo.com', '_91KUoJXXY', '巴巴多斯', '數學', '3-5年', 'full_time', '博士', '日文N1', '10到20小時', '教學效果好，學生喜歡，學習進步快。', 1, 1,'teacher04.jpg'),
  ('嘉玲', '張', 'wugang', '2020-04-02 17:53:52', 'Female', '1956-10-12', '04-22828776', 'shiping@hotmail.com', 'B5I!8cIn$D', '孟加拉國', '程式', '3-5年', 'part_time', '博士', '西班牙文C1', '超過30小時', '講解清晰，容易理解，學生提升快。', 1, 1,'teacher04.jpg'),
  ('威廷', '羅', 'yang85', '2020-06-11 00:37:18', 'Male', '1982-06-02', '05-6912743', 'ming79@yahoo.com', 'OyZ1ggxf^1', '白俄羅斯', '程式', '1-3年', 'full_time', '博士后', '日文N1', '20到30小時', '教學有方法，學生成績明顯提高。', 0, 1,'teacher04.jpg'),
  ('依婷', '晏', 'fangzhou', '2022-01-16 16:32:42', 'Unspecified', '1997-06-04', '0949045030', 'xiulanjia@cui.com', 'aaabefeo', '阿根廷', '程式', '10年以上', 'part_time', '博士后', '日文N1', '10到20小時', '耐心講解，學生反應好，進步大。', 1, 1,'teacher04.jpg'),
  ('雅涵', '牟', 'ghu', '2021-06-05 07:19:21', 'Female', '1977-06-13', '(01) 70456546', 'chao94@hotmail.com', '^)J4+xHx((', '阿爾巴尼亞', '程式', '10年以上', 'full_time', '博士后', '德文B1', '超過30小時', '教學效果好，學生喜歡，學習進步快。', 1, 0,'teacher04.jpg');

--課程(20)
INSERT INTO course
    (teacher_id, course_name, course_info, course_category, course_price)
VALUES
    (1, '油畫基礎', '專為油畫愛好者和初學者設計，旨在帶領您進入繪畫的奇妙世界。課程涵蓋了油畫的基本技巧和知識，包括材料選擇、畫布準備、調色板的使用、色彩理論以及筆觸和質感的創造。透過系統化的教學，您將學會如何從零開始創作一幅完整的油畫作品。每節課都配有詳細的示範和練習，幫助您在實際操作中掌握油畫技巧。我們還提供個性化的反饋和指導，確保您能夠快速提升自己的繪畫水平。無論您是想發展新的興趣愛好，還是希望在藝術創作上有所突破，這門課程都能為您提供全面的支持和幫助。', '藝術', 1500),
    (2, '法語入門', '專為沒有任何法語基礎的學習者設計，帶您輕鬆進入法語的美麗世界。課程內容涵蓋基本的發音、日常用語、語法結構以及簡單的會話練習。透過循序漸進的教學方式，您將學習如何進行基本的自我介紹、問候、購物、點餐等生活常用對話。課程還包含聽力和口語練習，幫助您提高法語的聽說能力。我們提供互動性強的教學視頻、練習題和測驗，確保您能夠在輕鬆愉快的學習氛圍中掌握法語的基礎知識。不論您是為了旅遊、工作還是個人興趣，這門課程都能為您打下堅實的法語基礎。', '語言', 1200),
    (3, 'Python程式設計', '專為初學者和有程式設計經驗的人士設計，幫助您全面掌握Python這門強大且靈活的程式語言。課程內容涵蓋Python的基本語法、資料結構、函式和模組，以及物件導向程式設計(OOP)的概念。透過實用的範例和項目練習，您將學習如何運用Python進行資料分析、自動化任務、網頁抓取以及簡單的機器學習應用。課程提供互動性的教學視頻、練習題和專案，確保您能在實際操作中鞏固所學知識。我們的教學團隊還會提供個性化的反饋和指導，幫助您解決學習中的困難。不論您是想提升職場競爭力，還是希望進一步深造，這門課程都能為您打下堅實的基礎。', '程式設計', 2500),
    (4, '影片剪輯入門', '專為初學者設計，幫助您從零開始掌握影片剪輯的基本技巧和概念。課程內容涵蓋剪輯軟體的使用方法、影片素材的導入與整理、基本的剪輯技術、轉場效果的應用、音頻處理以及字幕和特效的添加。透過系統化的教學，您將學習如何編輯和製作高品質的影片，無論是家庭影片、旅遊記錄還是簡單的短片項目。課程配有詳細的示範和實作練習，讓您能夠在實際操作中鞏固所學知識。我們還提供專業的指導和個性化的反饋，確保您能夠順利提升自己的剪輯技能。不論您是希望進一步發展影視創作的愛好，還是計劃進入相關專業領域，這門課程都能為您提供堅實的基礎。', '影片剪輯', 1800),
    (5, '基礎物理', '專為想要深入理解自然現象的學習者設計，無需任何物理學背景。課程內容涵蓋了物理學的核心概念，包括力學、運動學、能量、波動、熱學以及電磁學。通過循序漸進的教學方式，您將學習如何應用物理定律解釋日常生活中的現象。每個主題都配有詳細的講解視頻、互動練習和實驗模擬，幫助您在實際操作中掌握物理概念。我們的課程還提供實時的答疑和個性化的學習建議，確保您能夠充分理解每一個知識點。無論您是高中生、大學生，還是對物理感興趣的成人，這門課程都能為您打下堅實的物理學基礎。', '科學', 2200),
    (6, '商業管理', '專為希望提升管理技能和商業知識的學習者設計，無論您是初入職場的新手，還是有經驗的管理者，都能從中獲益。課程內容涵蓋了管理學的核心領域，包括組織行為學、戰略管理、營銷管理、財務管理、人力資源管理以及運營管理。透過實例分析、案例研究和模擬練習，您將學會如何有效地制定和執行商業策略、管理團隊、分析財務報表並提升企業績效。我們的課程提供互動性的教學視頻、專業講師的實時答疑以及豐富的學習資源，確保您能在實際操作中鞏固所學知識。無論您是希望在職場中晉升，還是計劃創業，這門課程都能為您打下堅實的管理基礎。', '商業', 3000),
    (7, '素描技法', '專為所有想要提升素描技能的藝術愛好者和初學者設計，無需任何繪畫基礎。課程內容涵蓋素描的基本工具和材料介紹、基礎形體的構建、光影與質感的表現、透視法、比例和構圖技巧。透過循序漸進的教學方式，您將學會如何從簡單的線條開始，逐步創作出具備立體感和真實感的作品。每節課都配有詳細的示範視頻、練習題和作品解析，幫助您在實際操作中鞏固所學知識。我們還提供個性化的反饋和指導，確保您能夠快速提升自己的素描水平。不論您是想發展新的興趣愛好，還是希望在藝術創作上有所突破，這門課程都能為您提供全面的支持和幫助。', '藝術', 1400),
    (8, '西班牙語初級', '專為沒有任何西班牙語基礎的學習者設計，帶您輕鬆進入這門全球通行的語言世界。課程內容涵蓋基本發音、日常用語、基礎語法結構以及簡單會話練習。透過循序漸進的教學方式，您將學會如何進行基本的自我介紹、問候、購物、點餐等日常對話。課程包含豐富的聽力和口語練習，幫助您提高聽說能力。我們提供互動性強的教學視頻、練習題和測驗，確保您能在輕鬆愉快的學習氛圍中掌握西班牙語的基礎知識。無論您是為了旅遊、工作還是個人興趣，這門課程都能為您打下堅實的語言基礎。', '語言', 1300),
    (9, 'Node.js程式設計', '專為希望學習後端開發技術的初學者和有經驗的開發者設計。課程內容涵蓋Node.js的基礎概念、環境配置、核心模組、事件驅動架構，以及如何使用Express框架構建強大且高效的伺服器應用。透過詳細的教學視頻、實作範例和專案練習，您將學會如何處理HTTP請求、操作資料庫、實現用戶認證和建構API。課程還包括調試和性能優化的技巧，幫助您開發穩定且高效的應用程式。我們提供個性化的反饋和支持，確保您能夠在學習過程中解決各種疑難問題。不論您是希望提升職場競爭力，還是計劃創建自己的網路應用，這門課程都能為您打下堅實的後端開發基礎。', '程式設計', 2600),
    (10, '高級影片剪輯', '專為希望提升影片製作技術的進階學習者設計，適合已有基本剪輯經驗的人士。課程內容涵蓋高級剪輯技巧、色彩校正、視覺效果、動態圖形設計以及專業的音頻處理。透過實際案例分析和專案練習，您將學習如何運用Adobe Premiere Pro和After Effects等專業軟體進行創意剪輯和後期製作。課程還包含影片製作流程管理和項目協作的最佳實踐，幫助您在實際工作中提高效率和創意表現。我們提供詳細的教學視頻、互動練習和專業指導，確保您能夠在實戰中掌握高級剪輯技術。不論您是希望在影視行業中脫穎而出，還是計劃創建更具影響力的視頻內容，這門課程都能為您提供全面的支持和幫助。', '影片剪輯', 2000),
    (11, '化學實驗', '專為希望深入了解化學原理和實驗技術的學生和愛好者設計，無需任何化學背景。課程內容涵蓋基本實驗設計、化學反應、溶液配製、滴定分析、和實驗數據的記錄與分析。透過循序漸進的教學方式，您將學會如何安全且有效地進行化學實驗，理解實驗背後的化學理論。每個主題都配有詳細的示範視頻、實驗步驟說明和實作練習，幫助您在實際操作中鞏固所學知識。我們的課程還提供實時答疑和個性化的學習建議，確保您能夠充分理解每一個實驗過程。不論您是高中生、大學生，還是對化學感興趣的成人，這門課程都能為您打下堅實的化學實驗基礎。探索化學世界的奇妙之處，提升您的實驗技能和科學素養。', '科學', 2400),
    (12, '創業入門', '專為有志於創業的初學者和有創業夢想的人士設計，無需任何商業背景。課程內容涵蓋創業心態培養、商業計劃書撰寫、市場調查、產品開發、資金籌集、品牌建立以及行銷策略。透過循序漸進的教學方式，您將學會如何從零開始建立自己的企業，並了解在創業過程中可能遇到的挑戰和應對策略。每個模塊都配有詳細的講解視頻、實戰案例分析和實踐練習，幫助您在實際操作中鞏固所學知識。我們還提供專業創業導師的實時答疑和個性化指導，確保您在創業道路上少走彎路。無論您是想實現自己的創業夢想，還是希望提升商業技能，這門課程都能為您提供全面的支持和幫助。踏上創業之路，將您的創意變成現實。', '商業', 3200),
    (13, '水彩畫技巧', '專為所有熱愛藝術並希望提升水彩畫技能的學習者設計，無需任何繪畫基礎。課程內容涵蓋基本的水彩工具和材料介紹、顏料的混合與運用、濕畫法與乾畫法、層疊技法以及光影和色彩的表現。透過循序漸進的教學方式，您將學會如何掌握各種水彩畫技法，從簡單的花卉、風景到複雜的構圖創作。每節課都配有詳細的示範視頻、實作練習和作品解析，幫助您在實際操作中鞏固所學知識。我們還提供個性化的反饋和指導，確保您能夠快速提升自己的水彩畫水平。不論您是想發展新的興趣愛好，還是希望在藝術創作上有所突破，這門課程都能為您提供全面的支持和幫助。發掘水彩畫的無限可能，創造出屬於您的藝術作品。', '藝術', 1600),
    (14, '德語基礎', '專為沒有任何德語基礎的學習者設計，幫助您輕鬆入門這門重要的歐洲語言。課程內容涵蓋基本發音、常用詞彙、日常對話、基礎語法結構以及聽力和口語練習。透過循序漸進的教學方式，您將學會如何進行簡單的自我介紹、問候、購物、點餐等日常交流。課程包含豐富的互動教學視頻、練習題和測驗，確保您能夠在輕鬆愉快的學習氛圍中掌握德語的基礎知識。我們還提供個性化的反饋和學習建議，幫助您快速提升語言能力。不論您是為了旅遊、工作還是個人興趣，這門課程都能為您打下堅實的德語基礎。探索德語的魅力，開啟您的語言學習之旅。', '語言', 1100),
    (15, 'C++程式設計', '專為初學者和希望深入掌握程式設計技能的學習者設計，無需任何程式設計背景。課程內容涵蓋C++的基本語法、資料型別、控制結構、函式、物件導向程式設計(OOP)、模板和標準模板庫(STL)。透過循序漸進的教學方式，您將學會如何撰寫高效且穩定的C++程式。每節課都配有詳細的示範視頻、實作練習和專案，幫助您在實際操作中鞏固所學知識。我們的課程還提供個性化的反饋和指導，確保您能夠解決學習中的疑難問題。不論您是希望提升職場競爭力，還是計劃從事軟體開發，這門課程都能為您打下堅實的程式設計基礎。掌握C++，開啟您的程式設計之旅，實現您的技術夢想。', '程式設計', 2700),
    (16, '動畫製作', '專為希望學習和提升動畫製作技能的學習者設計，無需任何動畫基礎。課程內容涵蓋動畫製作的基本原理、角色設計、動作捕捉、分鏡設計、3D建模、材質和燈光處理，以及後期製作和渲染技術。透過循序漸進的教學方式，您將學會如何運用專業軟體如Maya、Blender或After Effects，創作出栩栩如生的動畫作品。每節課都配有詳細的示範視頻、實作練習和專案，幫助您在實際操作中鞏固所學知識。我們還提供個性化的反饋和指導，確保您能夠快速提升動畫製作水平。不論您是希望進入動畫行業，還是計劃創作個人作品，這門課程都能為您提供全面的支持和幫助。發掘動畫的無限可能，創造出屬於您的精彩動畫世界。', '影片剪輯', 2100),
    (17, '天文學入門', '專為對宇宙探索和天文學有興趣的學習者設計，無需任何科學背景。課程內容涵蓋天文學的基本概念、太陽系、恆星、星系、宇宙的結構和演化、天文觀測技術以及最新的天文發現。透過循序漸進的教學方式，您將學會如何識別夜空中的主要天體、了解宇宙的基本運行原理，以及使用簡單的天文儀器進行觀測。每個主題都配有詳細的講解視頻、互動練習和模擬實驗，幫助您在實際操作中鞏固所學知識。我們還提供個性化的答疑和學習建議，確保您能夠充分理解每一個天文概念。不論您是學生、教師，還是天文愛好者，這門課程都能為您打下堅實的天文學基礎。探索宇宙的奧秘，開啟您的天文學習之旅。', '科學', 2300),
    (18, '市場行銷', '專為希望掌握現代行銷技巧和策略的學習者設計，無論您是行銷新手還是有經驗的專業人士，都能從中受益。課程內容涵蓋市場研究、品牌管理、數位行銷、社交媒體行銷、SEO、內容行銷、電子郵件行銷以及數據分析。透過實例分析、案例研究和實作練習，您將學會如何制定和執行有效的行銷策略，提升品牌知名度和客戶忠誠度。我們的課程提供互動教學視頻、實時答疑和專業指導，確保您能夠在實際操作中鞏固所學知識。不論您是希望在職場中脫穎而出，還是計劃推廣自己的業務，這門課程都能為您提供全面的支持和幫助。掌握市場行銷的關鍵技巧，提升您的職業競爭力和業務成果。', '商業', 3100),
    (19, '攝影藝術', '專為熱愛攝影並希望提升技術和創意的學習者設計，無需任何攝影基礎。課程內容涵蓋基本攝影技術、相機操作、曝光控制、構圖原理、光線運用以及後期處理。透過循序漸進的教學方式，您將學會如何掌握不同的拍攝技巧，從人像攝影、風景攝影到靜物攝影，創作出令人驚嘆的作品。每節課都配有詳細的示範視頻、實作練習和作品解析，幫助您在實際操作中鞏固所學知識。我們還提供個性化的反饋和指導，確保您能夠快速提升自己的攝影水平。不論您是希望發展新的興趣愛好，還是計劃進一步深造，這門課程都能為您提供全面的支持和幫助。探索攝影藝術的無限可能，捕捉生活中每一個精彩瞬間。', '藝術', 1700),
    (20, '日語初級', '專為沒有任何日語基礎的學習者設計，帶您輕鬆進入日語的世界。課程內容涵蓋基本發音、平假名和片假名、常用詞彙、日常對話、基礎語法結構以及聽力和口語練習。透過循序漸進的教學方式，您將學會如何進行簡單的自我介紹、問候、購物、點餐等日常交流。課程包含豐富的互動教學視頻、練習題和測驗，確保您能在輕鬆愉快的學習氛圍中掌握日語的基礎知識。我們還提供個性化的反饋和學習建議，幫助您快速提升語言能力。不論您是為了旅遊、工作還是個人興趣，這門課程都能為您打下堅實的日語基礎。探索日語的魅力，開啟您的語言學習之旅。', '語言', 1400),
    (1, '網頁設計', '專為希望掌握現代網頁設計技能的學習者設計，無需任何設計或編程基礎。課程內容涵蓋HTML、CSS、JavaScript的基本知識，響應式設計原理，使用者介面(UI)和使用者體驗(UX)設計，網站佈局和色彩理論，圖像和排版，以及網站優化和SEO基礎。透過循序漸進的教學方式，您將學會如何從零開始設計和建立具有專業水準的網站。每節課都配有詳細的示範視頻、實作練習和專案，幫助您在實際操作中鞏固所學知識。我們還提供個性化的反饋和指導，確保您能夠解決學習中的疑難問題。不論您是希望提升職場競爭力，還是計劃創建個人或商業網站，這門課程都能為您打下堅實的網頁設計基礎。掌握網頁設計的關鍵技能，創造出令人驚艷的網頁作品。', '程式設計', 2800),
    (2, '影片特效', '專為希望掌握影片特效製作技能的學習者設計，無需任何特效基礎。課程內容涵蓋特效設計的基本概念、使用的軟體工具如Adobe After Effects、Nuke等，以及特效製作流程。您將學習如何創建和應用各種特效，包括綠幕技術、3D合成、粒子系統、動態模擬和色彩校正。每節課都配有詳細的示範視頻、實作練習和專案，幫助您在實際操作中鞏固所學知識。我們還提供個性化的反饋和指導，確保您能夠解決學習中的疑難問題。不論您是希望在影視行業中脫穎而出，還是計劃為自己的影片作品增添炫目的特效，這門課程都能為您提供全面的支持和幫助。掌握影片特效的關鍵技術，創造出令人驚艷的視覺效果。', '影片剪輯', 2200),
    (3, '生物學基礎', '專為對生命科學有興趣的學習者設計，無需任何科學背景。課程內容涵蓋細胞生物學、遺傳學、生態學、進化論和人體生理學等核心主題。透過循序漸進的教學方式，您將學習細胞的結構與功能、基因的傳遞與表現、物種間的相互作用以及生物進化的基本原理。每個主題都配有詳細的講解視頻、互動練習和實驗模擬，幫助您在實際操作中鞏固所學知識。我們還提供實時答疑和個性化的學習建議，確保您能夠充分理解每一個生物學概念。不論您是高中生、大學生，還是對生物學感興趣的成人，這門課程都能為您打下堅實的生物學基礎。探索生命科學的奧秘，提升您的科學素養和知識。', '科學', 2500),
    (4, '財務管理', '專為希望掌握財務知識和管理技巧的學習者設計，無需任何財務背景。課程內容涵蓋基本財務報表分析、資金管理、預算編制、投資分析、風險管理以及企業財務策略。透過循序漸進的教學方式，您將學會如何解讀財務數據、制定財務計劃、評估投資項目和管理財務風險。每個主題都配有詳細的教學視頻、互動練習和真實案例分析，幫助您在實際操作中鞏固所學知識。我們還提供個性化的反饋和指導，確保您能夠解決學習中的疑難問題。不論您是希望提升職場競爭力，還是計劃更有效地管理個人或企業財務，這門課程都能為您打下堅實的財務管理基礎。掌握財務管理的關鍵技能，提升您的財務決策能力和業務成果。', '商業', 3300),
    (5, '現代藝術', '專為對當代藝術感興趣的學習者設計，無需任何藝術背景。課程內容涵蓋現代藝術的歷史背景、主要流派、代表藝術家及其作品分析。您將學習從印象派到當代藝術的發展歷程，了解抽象藝術、超現實主義、立體派、波普藝術等流派的特點與影響。透過詳細的講解視頻、藝術作品解析和實作練習，您將掌握現代藝術的表現技法和創作理念。我們還提供個性化的反饋和討論環節，確保您能夠深入理解每一個藝術流派和作品。不論您是學生、藝術愛好者，還是希望提升藝術鑑賞能力的專業人士，這門課程都能為您打下堅實的現代藝術基礎。探索現代藝術的多樣性，啟發您的創作靈感和藝術視野。', '藝術', 1800),
    (6, '韓語初級', '專為沒有任何韓語基礎的學習者設計，帶您輕鬆入門韓語的世界。課程內容涵蓋基本發音、韓文字母（韓文的字母系統）、常用詞彙、日常對話、基礎語法結構以及聽力和口語練習。透過循序漸進的教學方式，您將學會如何進行簡單的自我介紹、問候、購物、點餐等日常交流。課程包含豐富的互動教學視頻、練習題和測驗，確保您能在輕鬆愉快的學習氛圍中掌握韓語的基礎知識。我們還提供個性化的反饋和學習建議，幫助您快速提升語言能力。不論您是為了旅遊、工作還是個人興趣，這門課程都能為您打下堅實的韓語基礎。探索韓語的魅力，開啟您的語言學習之旅。', '語言', 1500),
    (7, '資料結構', '專為希望深入理解計算機科學基礎的學習者設計，無論您是初學者還是有編程經驗的開發者，都能從中受益。課程內容涵蓋基本資料結構的概念和實作，包括陣列、鏈結串列、堆疊、佇列、樹、圖和雜湊表。透過詳細的教學視頻、互動練習和實作專案，您將學習如何設計和實現高效的資料結構，並瞭解它們在解決複雜問題中的應用。每個主題都配有實際例子和編程練習，幫助您在實際操作中鞏固所學知識。我們還提供個性化的反饋和專業指導，確保您能夠解決學習中的疑難問題。不論您是希望提升程式設計能力，還是計劃參加技術面試，這門課程都能為您打下堅實的資料結構基礎。掌握資料結構的關鍵技術，提升您的計算機科學知識和實踐能力。', '程式設計', 2900),
    (8, '剪輯軟體應用', '專為希望掌握影片剪輯技能的學習者設計，無論您是初學者還是有經驗的創作者，都能從中受益。課程內容涵蓋多種主流剪輯軟體的基本操作和進階技術，包括Adobe Premiere Pro、Final Cut Pro和DaVinci Resolve。您將學習如何進行影片剪輯、音頻處理、色彩校正、特效應用以及輸出設定等。透過詳細的教學視頻、實作範例和專案練習，您將能夠創作出專業水準的影片作品。我們還提供個性化的反饋和專業指導，確保您能夠解決學習中的疑難問題。不論您是希望在影視行業中脫穎而出，還是計劃為自己的內容創作增添專業水準，這門課程都能為您提供全面的支持和幫助。掌握剪輯軟體的應用技巧，創造出令人驚豔的影片作品。', '影片剪輯', 2300),
    (9, '物理實驗', '專為希望深入理解物理原理和實驗技術的學生和愛好者設計，無需任何物理背景。課程內容涵蓋基本實驗設計、力學、電學、熱學、光學以及現代物理的實驗方法。透過循序漸進的教學方式，您將學會如何安全且有效地進行物理實驗，並理解實驗背後的理論。每個主題都配有詳細的示範視頻、實驗步驟說明和實作練習，幫助您在實際操作中鞏固所學知識。我們的課程還提供實時答疑和個性化的學習建議，確保您能夠充分理解每一個實驗過程。不論您是高中生、大學生，還是對物理感興趣的成人，這門課程都能為您打下堅實的物理實驗基礎。探索物理世界的奇妙之處，提升您的實驗技能和科學素養。', '科學', 2600),
    (10, '國際貿易', '專為希望掌握全球貿易知識和技巧的學習者設計，無需任何商業背景。課程內容涵蓋國際貿易理論、貿易政策、海關法規、進出口流程、國際物流、貿易融資和風險管理。透過循序漸進的教學方式，您將學會如何分析國際市場、制定貿易策略、處理貿易合約和管理跨國交易。每個主題都配有詳細的教學視頻、案例分析和實作練習，幫助您在實際操作中鞏固所學知識。我們還提供個性化的反饋和專業指導，確保您能夠解決學習中的疑難問題。不論您是希望進入國際貿易行業，還是計劃擴展現有業務的全球影響力，這門課程都能為您提供全面的支持和幫助。掌握國際貿易的關鍵技能，提升您的商業競爭力和全球市場洞察力。', '商業', 3400),
    (11, '雕塑技法', '專為對雕塑藝術充滿熱情的學習者設計，無需任何雕塑基礎。課程內容涵蓋基本雕塑工具和材料的介紹、雕塑的基本技法、人體解剖學、構圖原理、泥塑、石雕、木雕和現代材料的運用。透過循序漸進的教學方式，您將學會如何從構思到完成創作出具有藝術價值的雕塑作品。每節課都配有詳細的示範視頻、實作練習和作品解析，幫助您在實際操作中鞏固所學知識。我們還提供個性化的反饋和專業指導，確保您能夠快速提升自己的雕塑水平。不論您是希望發展新的興趣愛好，還是計劃在藝術創作上有所突破，這門課程都能為您提供全面的支持和幫助。探索雕塑的無限可能，創造出屬於您的藝術作品。', '藝術', 1900),
    (12, '義大利語初級', '專為沒有任何義大利語基礎的學習者設計，帶您輕鬆入門這門美麗的語言。課程內容涵蓋基本發音、常用詞彙、日常對話、基礎語法結構以及聽力和口語練習。透過循序漸進的教學方式，您將學會如何進行簡單的自我介紹、問候、購物、點餐等日常交流。課程包含豐富的互動教學視頻、練習題和測驗，確保您能在輕鬆愉快的學習氛圍中掌握義大利語的基礎知識。我們還提供個性化的反饋和學習建議，幫助您快速提升語言能力。不論您是為了旅遊、工作還是個人興趣，這門課程都能為您打下堅實的義大利語基礎。探索義大利語的魅力，開啟您的語言學習之旅。', '語言', 1600),
    (13, '演算法設計', '專為希望掌握計算機科學核心技能的學習者設計，無論您是初學者還是有經驗的程式設計師，都能從中受益。課程內容涵蓋基本演算法的概念、排序和搜尋技術、動態規劃、圖論演算法、分治法、貪心演算法和資料結構的優化應用。透過循序漸進的教學方式，您將學會如何設計和實現高效的演算法，並瞭解它們在解決複雜問題中的應用。每個主題都配有詳細的教學視頻、互動練習和實作專案，幫助您在實際操作中鞏固所學知識。我們還提供個性化的反饋和專業指導，確保您能夠解決學習中的疑難問題。不論您是希望提升程式設計能力，還是計劃參加技術面試，這門課程都能為您打下堅實的演算法基礎。掌握演算法設計的關鍵技術，提升您的計算機科學知識和實踐能力。', '程式設計', 3000),
    (14, '3D動畫製作', '專為希望掌握3D動畫技能的學習者設計，無論您是初學者還是有經驗的創作者，都能從中受益。課程內容涵蓋3D建模、材質貼圖、燈光設置、角色動畫、動作捕捉、特效合成以及後期處理等核心技術。透過循序漸進的教學方式，您將學會如何使用專業軟體如Maya、Blender或3ds Max，創作出栩栩如生的3D動畫作品。每節課都配有詳細的示範視頻、實作練習和專案，幫助您在實際操作中鞏固所學知識。我們還提供個性化的反饋和專業指導，確保您能夠解決學習中的疑難問題。不論您是希望進入動畫行業，還是計劃創作個人作品，這門課程都能為您提供全面的支持和幫助。探索3D動畫的無限可能，創造出令人驚豔的視覺效果和故事。', '影片剪輯', 2400),
    (15, '化學理論', '專為希望深入理解化學原理和應用的學習者設計，無需任何化學背景。課程內容涵蓋基本化學概念、原子結構、週期表、化學鍵、化學反應、熱力學、動力學以及有機和無機化學的基礎知識。透過循序漸進的教學方式，您將學會如何理解和應用化學理論來解釋自然界中的現象。每個主題都配有詳細的講解視頻、互動練習和模擬實驗，幫助您在實際操作中鞏固所學知識。我們還提供個性化的答疑和學習建議，確保您能夠充分理解每一個化學概念。不論您是高中生、大學生，還是對化學感興趣的成人，這門課程都能為您打下堅實的化學理論基礎。探索化學的奧秘，提升您的科學素養和知識。', '科學', 2700),
    (16, '人力資源管理', '專為希望掌握現代人力資源管理技巧和知識的學習者設計，無需任何相關背景。課程內容涵蓋招聘與選拔、員工培訓與發展、績效管理、薪酬福利設計、勞動法規、員工關係以及戰略性人力資源管理。透過循序漸進的教學方式，您將學會如何有效地管理和激勵員工，制定和實施人力資源政策，並提升企業的整體績效。每個主題都配有詳細的教學視頻、互動練習和案例分析，幫助您在實際操作中鞏固所學知識。我們還提供個性化的反饋和專業指導，確保您能夠解決學習中的疑難問題。不論您是希望提升職場競爭力，還是計劃進一步深造，這門課程都能為您打下堅實的人力資源管理基礎。掌握人力資源管理的關鍵技能，提升您的管理能力和職業發展前景。', '商業', 3500),
    (17, '版畫藝術', '專為對版畫創作有興趣的學習者設計，無需任何藝術基礎。課程內容涵蓋版畫的歷史與發展、基本工具和材料介紹、不同版畫技法如木刻、銅版、石版和絲網印刷的操作方法。透過循序漸進的教學方式，您將學會如何從零開始創作出獨特的版畫作品。每節課都配有詳細的示範視頻、實作練習和作品解析，幫助您在實際操作中鞏固所學知識。我們還提供個性化的反饋和專業指導，確保您能夠快速提升自己的版畫技能。不論您是希望發展新的興趣愛好，還是計劃在藝術創作上有所突破，這門課程都能為您提供全面的支持和幫助。探索版畫藝術的魅力，創造出屬於您的藝術作品。', '藝術', 2000),
    (18, '俄語入門', '專為沒有任何俄語基礎的學習者設計，帶您輕鬆入門這門重要的語言。課程內容涵蓋基本發音、俄文字母（西里爾字母）、常用詞彙、日常對話、基礎語法結構以及聽力和口語練習。透過循序漸進的教學方式，您將學會如何進行簡單的自我介紹、問候、購物、點餐等日常交流。課程包含豐富的互動教學視頻、練習題和測驗，確保您能在輕鬆愉快的學習氛圍中掌握俄語的基礎知識。我們還提供個性化的反饋和學習建議，幫助您快速提升語言能力。不論您是為了旅遊、工作還是個人興趣，這門課程都能為您打下堅實的俄語基礎。探索俄語的魅力，開啟您的語言學習之旅。', '語言', 1700),
    (19, '軟體工程', '專為希望掌握軟體開發流程和最佳實踐的學習者設計，無需任何編程背景。課程內容涵蓋軟體開發生命周期、需求分析、系統設計、編碼標準、測試和質量保證、版本控制、持續整合和部署（CI/CD）、敏捷方法論以及項目管理。透過循序漸進的教學方式，您將學會如何從需求到交付全程管理和開發高品質的軟體系統。每個主題都配有詳細的教學視頻、實作練習和真實案例分析，幫助您在實際操作中鞏固所學知識。我們還提供個性化的反饋和專業指導，確保您能夠解決學習中的疑難問題。不論您是希望提升職場競爭力，還是計劃開發自己的應用程序，這門課程都能為您打下堅實的軟體工程基礎。掌握軟體工程的關鍵技術，提升您的開發能力和職業前景。', '程式設計', 3100),
    (20, '影片剪輯特效', '專為希望掌握影片剪輯和視覺特效技能的學習者設計，無需任何基礎。課程內容涵蓋基礎剪輯技術、高級剪輯技巧、特效設計、色彩校正、音頻處理以及後期製作的全過程。您將學習如何使用專業軟體如Adobe Premiere Pro、After Effects和DaVinci Resolve，創作出高質量的影片作品。透過詳細的教學視頻、實作範例和專案練習，您將能夠在實際操作中掌握影片剪輯和特效製作的核心技術。我們還提供個性化的反饋和專業指導，確保您能夠解決學習中的疑難問題。不論您是希望在影視行業中脫穎而出，還是計劃為自己的影片作品增添炫目的特效，這門課程都能為您提供全面的支持和幫助。掌握影片剪輯和特效製作的關鍵技能，創造出令人驚豔的視覺效果和故事。', '影片剪輯', 2500);

-- 教師開課課程行事曆資料表(一天一筆資料=一個日期對應一個開課時段)(64)
INSERT INTO teacher_schedule
    (teacher_id, course_date, teacher_time_slots)
VALUES
    (1, '2024-06-01', '000000000011111111000000'),
    (1, '2024-06-02', '000000000011111111000000'),
    (1, '2024-06-03', '000000000011111111000000'),
    (1, '2024-06-04', '000000000011111111000000'),
    (1, '2024-06-05', '000000000011111111000000'),
    (2, '2024-06-01', '000000011000011110000000'),
    (2, '2024-06-02', '000000011000011110000000'),
    (2, '2024-06-03', '000000011000011110000000'),
    (2, '2024-06-06', '000000011000011110000000'),
    (2, '2024-06-07', '000000011000011110000000'),
    (3, '2024-06-01', '000000000000001111000000'),
    (3, '2024-06-02', '000000000000001111000000'),
    (3, '2024-06-03', '000000000000001111000000'),
    (4, '2024-06-01', '000000000000000000001111'),
    (4, '2024-06-02', '000000000000000000001111'),
    (4, '2024-06-03', '000000000000000000001111'),
    (5, '2024-06-01', '111110000000000000000000'),
    (5, '2024-06-02', '111110000000000000000000'),
    (5, '2024-06-03', '111110000000000000000000'),
    (6, '2024-06-01', '000000111001100000000000'),
    (6, '2024-06-02', '000000111001100000000000'),
    (6, '2024-06-03', '000000111001100000000000'),
    (7, '2024-06-01', '000000111000000011100000'),
    (7, '2024-06-02', '000000111000000011100000'),
    (7, '2024-06-03', '000000111000000011100000'),
    (8, '2024-06-01', '111000000000000000000111'),
    (8, '2024-06-02', '111000000000000000000111'),
    (8, '2024-06-03', '111000000000000000000111'),
    (9, '2024-06-01', '111111111111000000000000'),
    (9, '2024-06-02', '111111111111000000000000'),
    (9, '2024-06-03', '111111111111000000000000'),
    (10, '2024-06-01', '000111111100000000000111'),
    (10, '2024-06-02', '000111111100000000000111'),
    (10, '2024-06-03', '000111111100000000000111'),
    (11, '2024-06-01', '000000000011111111000000'),
    (11, '2024-06-02', '000000000011111111000000'),
    (11, '2024-06-03', '000000000011111111000000'),
    (12, '2024-06-01', '000000011000011110000000'),
    (12, '2024-06-02', '000000011000011110000000'),
    (12, '2024-06-03', '000000011000011110000000'),
    (13, '2024-06-01', '000000000000001111000000'),
    (13, '2024-06-02', '000000000000001111000000'),
    (13, '2024-06-03', '000000000000001111000000'),
    (14, '2024-06-01', '000000000000000000001111'),
    (14, '2024-06-02', '000000000000000000001111'),
    (14, '2024-06-03', '000000000000000000001111'),
    (15, '2024-06-01', '111110000000000000000000'),
    (15, '2024-06-02', '111110000000000000000000'),
    (15, '2024-06-03', '111110000000000000000000'),
    (16, '2024-06-01', '000000111001100000000000'),
    (16, '2024-06-02', '000000111001100000000000'),
    (16, '2024-06-03', '000000111001100000000000'),
    (17, '2024-06-01', '000000111000000011100000'),
    (17, '2024-06-02', '000000111000000011100000'),
    (17, '2024-06-03', '000000111000000011100000'),
    (18, '2024-06-01', '111000000000000000000111'),
    (18, '2024-06-02', '111000000000000000000111'),
    (18, '2024-06-03', '111000000000000000000111'),
    (19, '2024-06-01', '111111111111000000000000'),
    (19, '2024-06-02', '111111111111000000000000'),
    (19, '2024-06-03', '111111111111000000000000'),
    (20, '2024-06-01', '000111111100000000000111'),
    (20, '2024-06-02', '000111111100000000000111'),
    (20, '2024-06-03', '000111111100000000000111');

--課程訂單
-- 課程訂單
--一月
INSERT INTO corder (order_id, student_id, order_price, order_date, cancel_date, payment_method, order_status, discount_id, discount_percent, after_price)
VALUES
('order20230101120001', 1, 1500, '2023-01-01 12:00:01', '2023-01-01 12:30:01', 'LinePay', '已付款', 'git', 95, 1425),
('order20230101121501', 2, 6000, '2023-01-01 12:15:01', '2023-01-01 12:45:01', 'CreditCard', '已付款', 'gitlab', 90, 5400),
('order20230101123001', 3, 2500, '2023-01-01 12:30:01', '2023-01-01 13:00:01', 'Paypal', '已付款', 'hibernate', 85, 2125),
('order20230101124501', 4, 50000, '2023-01-01 12:45:01', '2023-01-01 13:15:01', 'LinePay', '已付款', 'servlet', 80, 40000),
('order20230101130001', 5, 1500, '2023-01-01 13:00:01', '2023-01-01 13:30:01', 'LinePay', '已付款', 'git', 95, 1425),
('order20230101131501', 6, 6000, '2023-01-01 13:15:01', '2023-01-01 13:45:01', 'CreditCard', '已付款', 'gitlab', 90, 5400),
('order20230101133001', 7, 2500, '2023-01-01 13:30:01', '2023-01-01 14:00:01', 'Paypal', '已付款', 'hibernate', 85, 2125),
('order20230101134501', 8, 50000, '2023-01-01 13:45:01', '2023-01-01 14:15:01', 'LinePay', '已付款', 'servlet', 80, 40000),
('order20230101140001', 9, 1500, '2023-01-01 14:00:01', '2023-01-01 14:30:01', 'LinePay', '已付款', 'git', 95, 1425),
('order20230101141501', 10, 6000, '2023-01-01 14:15:01', '2023-01-01 14:45:01', 'CreditCard', '已付款', 'gitlab', 90, 5400);

INSERT INTO corderitem (order_id, course_id, course_price, qty, item_status, discount_percent, after_price, subtotal)
VALUES
( 'order20230101120001', 1, 1500, 1, 0, 100, 1500, 1500),
( 'order20230101121501', 2, 1200, 5, 0, 95, 1140, 5700),
( 'order20230101123001', 3, 2500, 10, 0, 90, 2250, 22500),
( 'order20230101124501', 4, 2500, 20, 0, 85, 2125, 42500),
( 'order20230101130001', 1, 1500, 1, 0, 100, 1500, 1500),
( 'order20230101131501', 2, 1200, 5, 0, 95, 1140, 5700),
( 'order20230101133001', 3, 2500, 10, 0, 90, 2250, 22500),
( 'order20230101134501', 4, 2500, 20, 0, 85, 2125, 42500),
( 'order20230101140001', 1, 1500, 1, 0, 100, 1500, 1500),
( 'order20230101141501', 2, 1200, 5, 0, 95, 1140, 5700);

--二月
INSERT INTO corder (order_id, student_id, order_price, order_date, cancel_date, payment_method, order_status, discount_id, discount_percent, after_price)
VALUES
('order20230201120001', 1, 1500, '2023-02-01 12:00:01', '2023-02-01 12:30:01', 'LinePay', '已付款', 'git', 95, 1425),
('order20230201121501', 2, 6000, '2023-02-01 12:15:01', '2023-02-01 12:45:01', 'CreditCard', '已付款', 'gitlab', 90, 5400),
('order20230201123001', 3, 2500, '2023-02-01 12:30:01', '2023-02-01 13:00:01', 'Paypal', '已付款', 'hibernate', 85, 2125),
('order20230201124501', 4, 50000, '2023-02-01 12:45:01', '2023-02-01 13:15:01', 'LinePay', '已付款', 'servlet', 80, 40000),
('order20230201130001', 5, 1500, '2023-02-01 13:00:01', '2023-02-01 13:30:01', 'LinePay', '已付款', 'git', 95, 1425),
('order20230201131501', 6, 6000, '2023-02-01 13:15:01', '2023-02-01 13:45:01', 'CreditCard', '已付款', 'gitlab', 90, 5400),
('order20230201133001', 7, 2500, '2023-02-01 13:30:01', '2023-02-01 14:00:01', 'Paypal', '已付款', 'hibernate', 85, 2125),
('order20230201134501', 8, 50000, '2023-02-01 13:45:01', '2023-02-01 14:15:01', 'LinePay', '已付款', 'servlet', 80, 40000),
('order20230201140001', 9, 1500, '2023-02-01 14:00:01', '2023-02-01 14:30:01', 'LinePay', '已付款', 'git', 95, 1425),
('order20230201141501', 10, 6000, '2023-02-01 14:15:01', '2023-02-01 14:45:01', 'CreditCard', '已付款', 'gitlab', 90, 5400);

INSERT INTO corderitem ( order_id, course_id, course_price, qty, item_status, discount_percent, after_price, subtotal)
VALUES
( 'order20230201120001', 1, 1500, 1, 0, 100, 1500, 1500),
( 'order20230201121501', 2, 1200, 5, 0, 95, 1140, 5700),
( 'order20230201123001', 3, 2500, 10, 0, 90, 2250, 22500),
( 'order20230201124501', 4, 2500, 20, 0, 85, 2125, 42500),
( 'order20230201130001', 1, 1500, 1, 0, 100, 1500, 1500),
( 'order20230201131501', 2, 1200, 5, 0, 95, 1140, 5700),
( 'order20230201133001', 3, 2500, 10, 0, 90, 2250, 22500),
( 'order20230201134501', 4, 2500, 20, 0, 85, 2125, 42500),
( 'order20230201140001', 1, 1500, 1, 0, 100, 1500, 1500),
( 'order20230201141501', 2, 1200, 5, 0, 95, 1140, 5700);

--三月
INSERT INTO corder (order_id, student_id, order_price, order_date, cancel_date, payment_method, order_status, discount_id, discount_percent, after_price)
VALUES
('order20230301120001', 1, 1500, '2023-03-01 12:00:01', '2023-03-01 12:30:01', 'LinePay', '已付款', 'git', 95, 1425),
('order20230301121501', 2, 5700, '2023-03-01 12:15:01', '2023-03-01 12:45:01', 'LinePay', '已付款', 'gitlab', 90, 5130),
('order20230301123001', 3, 2250, '2023-03-01 12:30:01', '2023-03-01 13:00:01', 'LinePay', '已付款', 'hibernate', 85, 2025),
('order20230301124501', 4, 42500, '2023-03-01 12:45:01', '2023-03-01 13:15:01', 'LinePay', '已付款', 'servlet', 80, 36125),
('order20230301130001', 5, 1500, '2023-03-01 13:00:01', '2023-03-01 13:30:01', 'LinePay', '已付款', '', 100, 1500),
('order20230301131501', 6, 5700, '2023-03-01 13:15:01', '2023-03-01 13:45:01', 'LinePay', '已付款', '', 100, 5700),
('order20230301133001', 7, 2500, '2023-03-01 13:30:01', '2023-03-01 14:00:01', 'LinePay', '已付款', '', 100, 2500),
('order20230301134501', 8, 2500, '2023-03-01 13:45:01', '2023-03-01 14:15:01', 'LinePay', '已付款', '', 100, 2500),
('order20230301140001', 9, 1500, '2023-03-01 14:00:01', '2023-03-01 14:30:01', 'LinePay', '已付款', 'git', 95, 1425),
('order20230301141501', 10, 5700, '2023-03-01 14:15:01', '2023-03-01 14:45:01', 'LinePay', '已付款', 'gitlab', 90, 5130);

-- 三月
INSERT INTO corderitem (order_id, course_id, course_price, qty, item_status, discount_percent, after_price, subtotal)
VALUES
('order20230301120001', 1, 1500, 1, 0, 95, 1425, 1500),
('order20230301121501', 2, 1200, 5, 0, 90, 1140, 6000),
('order20230301123001', 3, 2500, 10, 0, 85, 2125, 25000),
('order20230301124501', 3, 2500, 20, 0, 80, 2000, 50000),
('order20230301130001', 5, 1500, 1, 0, 100, 1500, 1500),
('order20230301131501', 6, 5700, 1, 0, 100, 5700, 5700),
('order20230301133001', 7, 2500, 1, 0, 100, 2500, 2500),
('order20230301134501', 8, 2500, 1, 0, 100, 2500, 2500),
('order20230301140001', 9, 1500, 1, 0, 95, 1425, 1500),
('order20230301141501', 10, 5700, 1, 0, 90, 5130, 5700);

--四月
INSERT INTO corder (order_id, student_id, order_price, order_date, cancel_date, payment_method, order_status, discount_id, discount_percent, after_price)
VALUES
('order20230401120001', 11, 1500, '2023-04-01 12:00:01', '2023-04-01 12:30:01', 'LinePay', '已付款', 'git', 95, 1425),
('order20230401121501', 12, 6000, '2023-04-01 12:15:01', '2023-04-01 12:45:01', 'LinePay', '已付款', 'gitlab', 90, 5400),
('order20230401123001', 13, 25000, '2023-04-01 12:30:01', '2023-04-01 13:00:01', 'LinePay', '已付款', 'hibernate', 85, 21250),
('order20230401124501', 14, 50000, '2023-04-01 12:45:01', '2023-04-01 13:15:01', 'LinePay', '已付款', 'servlet', 80, 40000),
('order20230401130001', 15, 1500, '2023-04-01 13:00:01', '2023-04-01 13:30:01', 'LinePay', '已付款', 'git', 95, 1425),
('order20230401131501', 16, 6000, '2023-04-01 13:15:01', '2023-04-01 13:45:01', 'LinePay', '已付款', 'gitlab', 90, 5400),
('order20230401133001', 17, 25000, '2023-04-01 13:30:01', '2023-04-01 14:00:01', 'LinePay', '已付款', 'hibernate', 85, 21250),
('order20230401134501', 18, 50000, '2023-04-01 13:45:01', '2023-04-01 14:15:01', 'LinePay', '已付款', 'servlet', 80, 40000),
('order20230401140001', 19, 1500, '2023-04-01 14:00:01', '2023-04-01 14:30:01', 'LinePay', '已付款', 'git', 95, 1425),
('order20230401141501', 20, 6000, '2023-04-01 14:15:01', '2023-04-01 14:45:01', 'LinePay', '已付款', 'gitlab', 90, 5400),
('order20230401143001', 1, 25000, '2023-04-01 14:30:01', '2023-04-01 15:00:01', 'LinePay', '已付款', 'hibernate', 85, 21250),
('order20230401144501', 2, 50000, '2023-04-01 14:45:01', '2023-04-01 15:15:01', 'LinePay', '已付款', 'servlet', 80, 40000);

-- 訂單細項
INSERT INTO corderitem (order_id, course_id, course_price, qty, item_status, discount_percent, after_price, subtotal)
VALUES
('order20230401120001', 1, 1500, 1, 0, 95, 1425, 1500),
('order20230401121501', 2, 1200, 5, 0, 90, 5400, 6000),
('order20230401123001', 3, 2500, 10, 0, 85, 21250, 25000),
('order20230401124501', 4, 2500, 20, 0, 80, 40000, 50000),
('order20230401130001', 5, 1500, 1, 0, 95, 1425, 1500),
('order20230401131501', 6, 1200, 5, 0, 90, 5400, 6000),
('order20230401133001', 7, 2500, 10, 0, 85, 21250, 25000),
('order20230401134501', 8, 2500, 20, 0, 80, 40000, 50000),
('order20230401140001', 9, 1500, 1, 0, 95, 1425, 1500),
('order20230401141501', 10, 1200, 5, 0, 90, 5400, 6000),
('order20230401143001', 11, 2500, 10, 0, 85, 21250, 25000),
('order20230401144501', 12, 2500, 20, 0, 80, 40000, 50000);

--五月
INSERT INTO corder (order_id, student_id, order_price, order_date, cancel_date, payment_method, order_status, discount_id, discount_percent, after_price)
VALUES
('order20230501120001', 1, 1500, '2023-05-01 12:00:01', '2023-05-01 12:30:01', 'LinePay', '已付款', 'git', 95, 1425),
('order20230501121501', 2, 6000, '2023-05-01 12:15:01', '2023-05-01 12:45:01', 'LinePay', '已付款', 'gitlab', 90, 5400),
('order20230501123001', 3, 25000, '2023-05-01 12:30:01', '2023-05-01 13:00:01', 'LinePay', '已付款', 'hibernate', 85, 21250),
('order20230501124501', 4, 50000, '2023-05-01 12:45:01', '2023-05-01 13:15:01', 'LinePay', '已付款', 'servlet', 80, 40000),
('order20230501130001', 5, 1500, '2023-05-01 13:00:01', '2023-05-01 13:30:01', 'LinePay', '已付款', 'git', 95, 1425),
('order20230501131501', 6, 6000, '2023-05-01 13:15:01', '2023-05-01 13:45:01', 'LinePay', '已付款', 'gitlab', 90, 5400),
('order20230501133001', 7, 25000, '2023-05-01 13:30:01', '2023-05-01 14:00:01', 'LinePay', '已付款', 'hibernate', 85, 21250),
('order20230501134501', 8, 50000, '2023-05-01 13:45:01', '2023-05-01 14:15:01', 'LinePay', '已付款', 'servlet', 80, 40000),
('order20230501140001', 9, 1500, '2023-05-01 14:00:01', '2023-05-01 14:30:01', 'LinePay', '已付款', 'git', 95, 1425),
('order20230501141501', 10, 6000, '2023-05-01 14:15:01', '2023-05-01 14:45:01', 'LinePay', '已付款', 'gitlab', 90, 5400),
('order20230501143001', 11, 25000, '2023-05-01 14:30:01', '2023-05-01 15:00:01', 'LinePay', '已付款', 'hibernate', 85, 21250),
('order20230501144501', 12, 50000, '2023-05-01 14:45:01', '2023-05-01 15:15:01', 'LinePay', '已付款', 'servlet', 80, 40000),
('order20230501150001', 13, 1500, '2023-05-01 15:00:01', '2023-05-01 15:30:01', 'LinePay', '已付款', 'git', 95, 1425),
('order20230501151501', 14, 6000, '2023-05-01 15:15:01', '2023-05-01 15:45:01', 'LinePay', '已付款', 'gitlab', 90, 5400),
('order20230501153001', 15, 25000, '2023-05-01 15:30:01', '2023-05-01 16:00:01', 'LinePay', '已付款', 'hibernate', 85, 21250);

-- 訂單細項
INSERT INTO corderitem (order_id, course_id, course_price, qty, item_status, discount_percent, after_price, subtotal)
VALUES
('order20230501120001', 1, 1500, 1, 0, 95, 1425, 1500),
('order20230501121501', 2, 1200, 5, 0, 90, 5400, 6000),
('order20230501123001', 3, 2500, 10, 0, 85, 21250, 25000),
('order20230501124501', 4, 2500, 20, 0, 80, 40000, 50000),
('order20230501130001', 5, 1500, 1, 0, 95, 1425, 1500),
('order20230501131501', 6, 1200, 5, 0, 90, 5400, 6000),
('order20230501133001', 7, 2500, 10, 0, 85, 21250, 25000),
('order20230501134501', 8, 2500, 20, 0, 80, 40000, 50000),
('order20230501140001', 9, 1500, 1, 0, 95, 1425, 1500),
('order20230501141501', 10, 1200, 5, 0, 90, 5400, 6000),
('order20230501143001', 11, 2500, 10, 0, 85, 21250, 25000),
('order20230501144501', 12, 2500, 20, 0, 80, 40000, 50000),
('order20230501150001', 13, 1500, 1, 0, 95, 1425, 1500),
('order20230501151501', 14, 1200, 5, 0, 90, 5400, 6000),
('order20230501153001', 15, 2500, 10, 0, 85, 21250, 25000);

--六月
INSERT INTO corder (order_id, student_id, order_price, order_date, cancel_date, payment_method, order_status, discount_id, discount_percent, after_price)
VALUES
('order20230601120001', 1, 3100, '2023-06-01 12:00:01', '2023-06-01 12:30:01', 'LinePay', '已付款', 'git', 95, 2945),
('order20230601121501', 2, 15500, '2023-06-01 12:15:01', '2023-06-01 12:45:01', 'LinePay', '已付款', 'gitlab', 90, 13950),
('order20230601123001', 3, 27000, '2023-06-01 12:30:01', '2023-06-01 13:00:01', 'LinePay', '已付款', 'hibernate', 85, 22950),
('order20230601124501', 4, 42000, '2023-06-01 12:45:01', '2023-06-01 13:15:01', 'LinePay', '已付款', 'servlet', 80, 33600),
('order20230601130001', 5, 3100, '2023-06-01 13:00:01', '2023-06-01 13:30:01', 'LinePay', '已付款', 'git', 95, 2945),
('order20230601131501', 6, 15500, '2023-06-01 13:15:01', '2023-06-01 13:45:01', 'LinePay', '已付款', 'gitlab', 90, 13950),
('order20230601133001', 7, 27000, '2023-06-01 13:30:01', '2023-06-01 14:00:01', 'LinePay', '已付款', 'hibernate', 85, 22950),
('order20230601134501', 8, 42000, '2023-06-01 13:45:01', '2023-06-01 14:15:01', 'LinePay', '已付款', 'servlet', 80, 33600),
('order20230601140001', 9, 3100, '2023-06-01 14:00:01', '2023-06-01 14:30:01', 'LinePay', '已付款', 'git', 95, 2945),
('order20230601141501', 10, 15500, '2023-06-01 14:15:01', '2023-06-01 14:45:01', 'LinePay', '已付款', 'gitlab', 90, 13950),
('order20230601143001', 11, 27000, '2023-06-01 14:30:01', '2023-06-01 15:00:01', 'LinePay', '已付款', 'hibernate', 85, 22950),
('order20230601144501', 12, 42000, '2023-06-01 14:45:01', '2023-06-01 15:15:01', 'LinePay', '已付款', 'servlet', 80, 33600);

-- 訂單細項
INSERT INTO corderitem (order_id, course_id, course_price, qty, item_status, discount_percent, after_price, subtotal)
VALUES
('order20230601120001', 19, 3100, 1, 0, 95, 2945, 3100),
('order20230601121501', 14, 3100, 5, 0, 90, 2790, 15500),
('order20230601123001', 15, 2700, 10, 0, 85, 2295, 27000),
('order20230601124501', 16, 2100, 20, 0, 80, 1680, 42000),
('order20230601130001', 19, 3100, 1, 0, 95, 2945, 3100),
('order20230601131501', 14, 3100, 5, 0, 90, 2790, 15500),
('order20230601133001', 15, 2700, 10, 0, 85, 2295, 27000),
('order20230601134501', 16, 2100, 20, 0, 80, 1680, 42000),
('order20230601140001', 19, 3100, 1, 0, 95, 2945, 3100),
('order20230601141501', 14, 3100, 5, 0, 90, 2790, 15500),
('order20230601143001', 15, 2700, 10, 0, 85, 2295, 27000),
('order20230601144501', 16, 2100, 20, 0, 80, 1680, 42000);

--七月
INSERT INTO corder (order_id, student_id, order_price, order_date, cancel_date, payment_method, order_status, discount_id, discount_percent, after_price)
VALUES
('order20230701120001', 1, 3000, '2023-07-01 12:00:01', '2023-07-01 12:30:01', 'LinePay', '已付款', 'git', 95, 2850),
('order20230701121501', 2, 15000, '2023-07-01 12:15:01', '2023-07-01 12:45:01', 'LinePay', '已付款', 'gitlab', 90, 13500),
('order20230701123001', 3, 26000, '2023-07-01 12:30:01', '2023-07-01 13:00:01', 'LinePay', '已付款', 'hibernate', 85, 22100),
('order20230701124501', 4, 42000, '2023-07-01 12:45:01', '2023-07-01 13:15:01', 'LinePay', '已付款', 'servlet', 80, 33600),
('order20230701130001', 5, 3000, '2023-07-01 13:00:01', '2023-07-01 13:30:01', 'LinePay', '已付款', 'git', 95, 2850),
('order20230701131501', 6, 15000, '2023-07-01 13:15:01', '2023-07-01 13:45:01', 'LinePay', '已付款', 'gitlab', 90, 13500),
('order20230701133001', 7, 26000, '2023-07-01 13:30:01', '2023-07-01 14:00:01', 'LinePay', '已付款', 'hibernate', 85, 22100),
('order20230701134501', 8, 42000, '2023-07-01 13:45:01', '2023-07-01 14:15:01', 'LinePay', '已付款', 'servlet', 80, 33600),
('order20230701140001', 9, 3000, '2023-07-01 14:00:01', '2023-07-01 14:30:01', 'LinePay', '已付款', 'git', 95, 2850),
('order20230701141501', 10, 15000, '2023-07-01 14:15:01', '2023-07-01 14:45:01', 'LinePay', '已付款', 'gitlab', 90, 13500),
('order20230701143001', 11, 26000, '2023-07-01 14:30:01', '2023-07-01 15:00:01', 'LinePay', '已付款', 'hibernate', 85, 22100);

-- 訂單細項
INSERT INTO corderitem(order_id, course_id, course_price, qty, item_status, discount_percent, after_price, subtotal)
VALUES
('order20230701120001', 6, 3000, 1, 0, 95, 2850, 3000),
('order20230701121501', 7, 3000, 5, 0, 90, 2700, 15000),
('order20230701123001', 8, 2600, 10, 0, 85, 2210, 26000),
('order20230701124501', 9, 2100, 20, 0, 80, 1680, 42000),
('order20230701130001', 6, 3000, 1, 0, 95, 2850, 3000),
('order20230701131501', 7, 3000, 5, 0, 90, 2700, 15000),
('order20230701133001', 8, 2600, 10, 0, 85, 2210, 26000),
('order20230701134501', 9, 2100, 20, 0, 80, 1680, 42000),
('order20230701140001', 6, 3000, 1, 0, 95, 2850, 3000),
('order20230701141501', 7, 3000, 5, 0, 90, 2700, 15000),
('order20230701143001', 8, 2600, 10, 0, 85, 2210, 26000);

--八月
INSERT INTO corder (order_id, student_id, order_price, order_date, cancel_date, payment_method, order_status, discount_id, discount_percent, after_price)
VALUES
('order20230801120001', 1, 3000, '2023-08-01 12:00:01', '2023-08-01 12:30:01', 'LinePay', '已付款', 'git', 95, 2850),
('order20230801121501', 2, 15000, '2023-08-01 12:15:01', '2023-08-01 12:45:01', 'LinePay', '已付款', 'gitlab', 90, 13500),
('order20230801123001', 3, 26000, '2023-08-01 12:30:01', '2023-08-01 13:00:01', 'LinePay', '已付款', 'hibernate', 85, 22100),
('order20230801124501', 4, 42000, '2023-08-01 12:45:01', '2023-08-01 13:15:01', 'LinePay', '已付款', 'servlet', 80, 33600),
('order20230801130001', 5, 3000, '2023-08-01 13:00:01', '2023-08-01 13:30:01', 'LinePay', '已付款', 'git', 95, 2850),
('order20230801131501', 6, 15000, '2023-08-01 13:15:01', '2023-08-01 13:45:01', 'LinePay', '已付款', 'gitlab', 90, 13500),
('order20230801133001', 7, 26000, '2023-08-01 13:30:01', '2023-08-01 14:00:01', 'LinePay', '已付款', 'hibernate', 85, 22100),
('order20230801134501', 8, 42000, '2023-08-01 13:45:01', '2023-08-01 14:15:01', 'LinePay', '已付款', 'servlet', 80, 33600),
('order20230801140001', 9, 3000, '2023-08-01 14:00:01', '2023-08-01 14:30:01', 'LinePay', '已付款', 'git', 95, 2850),
('order20230801141501', 10, 15000, '2023-08-01 14:15:01', '2023-08-01 14:45:01', 'LinePay', '已付款', 'gitlab', 90, 13500),
('order20230801143001', 11, 26000, '2023-08-01 14:30:01', '2023-08-01 15:00:01', 'LinePay', '已付款', 'hibernate', 85, 22100),
('order20230801144501', 12, 42000, '2023-08-01 14:45:01', '2023-08-01 15:15:01', 'LinePay', '已付款', 'servlet', 80, 33600),
('order20230801150001', 13, 3000, '2023-08-01 15:00:01', '2023-08-01 15:30:01', 'LinePay', '已付款', 'git', 95, 2850);

-- 訂單細項
INSERT INTO corderitem (order_id, course_id, course_price, qty, item_status, discount_percent, after_price, subtotal)
VALUES
('order20230801120001', 1, 3000, 1, 0, 95, 2850, 3000),
('order20230801121501', 2, 3000, 5, 0, 90, 2700, 15000),
('order20230801123001', 3, 2600, 10, 0, 85, 2210, 26000),
('order20230801124501', 4, 2100, 20, 0, 80, 1680, 42000),
('order20230801130001', 1, 3000, 1, 0, 95, 2850, 3000),
('order20230801131501', 2, 3000, 5, 0, 90, 2700, 15000),
('order20230801133001', 3, 2600, 10, 0, 85, 2210, 26000),
('order20230801134501', 4, 2100, 20, 0, 80, 1680, 42000),
('order20230801140001', 1, 3000, 1, 0, 95, 2850, 3000),
('order20230801141501', 2, 3000, 5, 0, 90, 2700, 15000),
('order20230801143001', 3, 2600, 10, 0, 85, 2210, 26000),
('order20230801144501', 4, 2100, 20, 0, 80, 1680, 42000),
('order20230801150001', 1, 3000, 1, 0, 95, 2850, 3000);

--九月
-- 訂單
INSERT INTO corder (order_id, student_id, order_price, order_date, cancel_date, payment_method, order_status, discount_id, discount_percent, after_price)
VALUES
('order20240901120001', 1, 3200, '2024-09-01 12:00:01', '2024-09-01 12:30:01', 'LinePay', '已付款', 'git', 95, 3040),
('order20240901121501', 2, 18000, '2024-09-01 12:15:01', '2024-09-01 12:45:01', 'LinePay', '已付款', 'gitlab', 90, 16200),
('order20240901123001', 3, 30000, '2024-09-01 12:30:01', '2024-09-01 13:00:01', 'LinePay', '已付款', 'hibernate', 85, 25500),
('order20240901124501', 4, 48000, '2024-09-01 12:45:01', '2024-09-01 13:15:01', 'LinePay', '已付款', 'servlet', 80, 38400),
('order20240901130001', 5, 3200, '2024-09-01 13:00:01', '2024-09-01 13:30:01', 'LinePay', '已付款', 'git', 95, 3040),
('order20240901131501', 6, 18000, '2024-09-01 13:15:01', '2024-09-01 13:45:01', 'LinePay', '已付款', 'gitlab', 90, 16200),
('order20240901133001', 7, 30000, '2024-09-01 13:30:01', '2024-09-01 14:00:01', 'LinePay', '已付款', 'hibernate', 85, 25500),
('order20240901134501', 8, 48000, '2024-09-01 13:45:01', '2024-09-01 14:15:01', 'LinePay', '已付款', 'servlet', 80, 38400),
('order20240901140001', 9, 3200, '2024-09-01 14:00:01', '2024-09-01 14:30:01', 'LinePay', '已付款', 'git', 95, 3040),
('order20240901141501', 10, 18000, '2024-09-01 14:15:01', '2024-09-01 14:45:01', 'LinePay', '已付款', 'gitlab', 90, 16200);

-- 訂單細項
INSERT INTO corderitem (order_id, course_id, course_price, qty, item_status, discount_percent, after_price, subtotal)
VALUES
('order20240901120001', 1, 3200, 1, 0, 95, 3040, 3200),
('order20240901121501', 2, 3600, 5, 0, 90, 3240, 18000),
('order20240901123001', 3, 3000, 10, 0, 85, 2550, 30000),
('order20240901124501', 4, 2400, 20, 0, 80, 1920, 48000),
('order20240901130001', 1, 3200, 1, 0, 95, 3040, 3200),
('order20240901131501', 2, 3600, 5, 0, 90, 3240, 18000),
('order20240901133001', 3, 3000, 10, 0, 85, 2550, 30000),
('order20240901134501', 4, 2400, 20, 0, 80, 1920, 48000),
('order20240901140001', 1, 3200, 1, 0, 95, 3040, 3200),
('order20240901141501', 2, 3600, 5, 0, 90, 3240, 18000);

--十月
-- 10月订单
INSERT INTO corder (order_id, student_id, order_price, order_date, cancel_date, payment_method, order_status, discount_id, discount_percent, after_price)
VALUES
('order20231001120001', 1, 2800, '2023-10-01 12:00:01', '2023-10-01 12:30:01', 'LinePay', '已付款', 'git', 95, 2660),
('order20231001121501', 2, 16000, '2023-10-01 12:15:01', '2023-10-01 12:45:01', 'LinePay', '已付款', 'gitlab', 90, 14400),
('order20231001123001', 3, 26500, '2023-10-01 12:30:01', '2023-10-01 13:00:01', 'LinePay', '已付款', 'hibernate', 85, 22525),
('order20231001124501', 4, 42500, '2023-10-01 12:45:01', '2023-10-01 13:15:01', 'LinePay', '已付款', 'servlet', 80, 34000),
('order20231001130001', 5, 2800, '2023-10-01 13:00:01', '2023-10-01 13:30:01', 'LinePay', '已付款', 'git', 95, 2660),
('order20231001131501', 6, 16000, '2023-10-01 13:15:01', '2023-10-01 13:45:01', 'LinePay', '已付款', 'gitlab', 90, 14400),
('order20231001133001', 7, 26500, '2023-10-01 13:30:01', '2023-10-01 14:00:01', 'LinePay', '已付款', 'hibernate', 85, 22525),
('order20231001134501', 8, 42500, '2023-10-01 13:45:01', '2023-10-01 14:15:01', 'LinePay', '已付款', 'servlet', 80, 34000),
('order20231001140001', 9, 2800, '2023-10-01 14:00:01', '2023-10-01 14:30:01', 'LinePay', '已付款', 'git', 95, 2660),
('order20231001141501', 10, 16000, '2023-10-01 14:15:01', '2023-10-01 14:45:01', 'LinePay', '已付款', 'gitlab', 90, 14400),
('order20231001143001', 11, 26500, '2023-10-01 14:30:01', '2023-10-01 15:00:01', 'LinePay', '已付款', 'hibernate', 85, 22525),
('order20231001144501', 12, 42500, '2023-10-01 14:45:01', '2023-10-01 15:15:01', 'LinePay', '已付款', 'servlet', 80, 34000),
('order20231001150001', 13, 2800, '2023-10-01 15:00:01', '2023-10-01 15:30:01', 'LinePay', '已付款', 'git', 95, 2660),
('order20231001151501', 14, 16000, '2023-10-01 15:15:01', '2023-10-01 15:45:01', 'LinePay', '已付款', 'gitlab', 90, 14400);

-- 订单细项
INSERT INTO corderitem (order_id, course_id, course_price, qty, item_status, discount_percent, after_price, subtotal)
VALUES
('order20231001120001', 1, 2800, 1, 0, 95, 2660, 2800),
('order20231001121501', 2, 3200, 5, 0, 90, 2880, 16000),
('order20231001123001', 3, 2650, 10, 0, 85, 2252.5, 26500),
('order20231001124501', 4, 2125, 20, 0, 80, 1700, 42500),
('order20231001130001', 1, 2800, 1, 0, 95, 2660, 2800),
('order20231001131501', 2, 3200, 5, 0, 90, 2880, 16000),
('order20231001133001', 3, 2650, 10, 0, 85, 2252.5, 26500),
('order20231001134501', 4, 2125, 20, 0, 80, 1700, 42500),
('order20231001140001', 1, 2800, 1, 0, 95, 2660, 2800),
('order20231001141501', 2, 3200, 5, 0, 90, 2880, 16000),
('order20231001143001', 3, 2650, 10, 0, 85, 2252.5, 26500),
('order20231001144501', 4, 2125, 20, 0, 80, 1700, 42500),
('order20231001150001', 1, 2800, 1, 0, 95, 2660, 2800),
('order20231001151501', 2, 3200, 5, 0, 90, 2880, 16000);

--十一月
-- 订单表
INSERT INTO corder (order_id, student_id, order_price, order_date, cancel_date, payment_method, order_status, discount_id, discount_percent, after_price)
VALUES
('order20231101151501', 14, 3200, '2023-11-01 15:15:01', '2023-11-01 15:45:01', 'LinePay', '已付款', 'git', 95, 3040),
('order20231101153001', 15, 24000, '2023-11-01 15:30:01', '2023-11-01 16:00:01', 'LinePay', '已付款', 'gitlab', 90, 21600),
('order20231101154501', 16, 37500, '2023-11-01 15:45:01', '2023-11-01 16:15:01', 'LinePay', '已付款', 'hibernate', 85, 31875),
('order20231101160001', 17, 50000, '2023-11-01 16:00:01', '2023-11-01 16:30:01', 'LinePay', '已付款', 'servlet', 80, 40000),
('order20231101161501', 18, 3200, '2023-11-01 16:15:01', '2023-11-01 16:45:01', 'LinePay', '已付款', 'git', 95, 3040),
('order20231101163001', 19, 24000, '2023-11-01 16:30:01', '2023-11-01 17:00:01', 'LinePay', '已付款', 'gitlab', 90, 21600),
('order20231101164501', 20, 37500, '2023-11-01 16:45:01', '2023-11-01 17:15:01', 'LinePay', '已付款', 'hibernate', 85, 31875),
('order20231101170001', 1, 50000, '2023-11-01 17:00:01', '2023-11-01 17:30:01', 'LinePay', '已付款', 'servlet', 80, 40000),
('order20231101171501', 2, 3200, '2023-11-01 17:15:01', '2023-11-01 17:45:01', 'LinePay', '已付款', 'git', 95, 3040),
('order20231101173001', 3, 24000, '2023-11-01 17:30:01', '2023-11-01 18:00:01', 'LinePay', '已付款', 'gitlab', 90, 21600),
('order20231101174501', 4, 37500, '2023-11-01 17:45:01', '2023-11-01 18:15:01', 'LinePay', '已付款', 'hibernate', 85, 31875),
('order20231101180001', 5, 50000, '2023-11-01 18:00:01', '2023-11-01 18:30:01', 'LinePay', '已付款', 'servlet', 80, 40000);

-- 订单详情表
INSERT INTO corderitem (order_id, course_id, course_price, qty, item_status, discount_percent, after_price, subtotal)
VALUES
('order20231101151501', 1, 3200, 1, 0, 95, 3040, 3200),
('order20231101153001', 2, 3200, 8, 0, 90, 2880, 24000),
('order20231101154501', 3, 3750, 10, 0, 85, 3187.5, 37500),
('order20231101160001', 4, 2500, 20, 0, 80, 2000, 50000),
('order20231101161501', 1, 3200, 1, 0, 95, 3040, 3200),
('order20231101163001', 2, 3200, 8, 0, 90, 2880, 24000),
('order20231101164501', 3, 3750, 10, 0, 85, 3187.5, 37500),
('order20231101170001', 4, 2500, 20, 0, 80, 2000, 50000),
('order20231101171501', 1, 3200, 1, 0, 95, 3040, 3200),
('order20231101173001', 2, 3200, 8, 0, 90, 2880, 24000),
('order20231101174501', 3, 3750, 10, 0, 85, 3187.5, 37500),
('order20231101180001', 4, 2500, 20, 0, 80, 2000, 50000);

--十二月
-- 12月订单
INSERT INTO corder (order_id, student_id, order_price, order_date, cancel_date, payment_method, order_status, discount_id, discount_percent, after_price)
VALUES
('order20231201161501', 10, 6000, '2023-12-01 16:15:01', '2023-12-01 16:45:01', 'LinePay', '已付款', 'gitlab', 90, 5400),
('order20231201163001', 11, 25000, '2023-12-01 16:30:01', '2023-12-01 17:00:01', 'LinePay', '已付款', 'hibernate', 85, 21250),
('order20231201164501', 12, 50000, '2023-12-01 16:45:01', '2023-12-01 17:15:01', 'LinePay', '已付款', 'servlet', 80, 40000),
('order20231201170001', 13, 1500, '2023-12-01 17:00:01', '2023-12-01 17:30:01', 'LinePay', '已付款', 'git', 95, 1425),
('order20231201171501', 14, 6000, '2023-12-01 17:15:01', '2023-12-01 17:45:01', 'LinePay', '已付款', 'gitlab', 90, 5400),
('order20231201173001', 15, 25000, '2023-12-01 17:30:01', '2023-12-01 18:00:01', 'LinePay', '已付款', 'hibernate', 85, 21250),
('order20231201174501', 16, 50000, '2023-12-01 17:45:01', '2023-12-01 18:15:01', 'LinePay', '已付款', 'servlet', 80, 40000),
('order20231201180001', 17, 1500, '2023-12-01 18:00:01', '2023-12-01 18:30:01', 'LinePay', '已付款', 'git', 95, 1425),
('order20231201181501', 18, 6000, '2023-12-01 18:15:01', '2023-12-01 18:45:01', 'LinePay', '已付款', 'gitlab', 90, 5400),
('order20231201183001', 19, 25000, '2023-12-01 18:30:01', '2023-12-01 19:00:01', 'LinePay', '已付款', 'hibernate', 85, 21250),
('order20231201184501', 20, 50000, '2023-12-01 18:45:01', '2023-12-01 19:15:01', 'LinePay', '已付款', 'servlet', 80, 40000);

-- 订单细项
INSERT INTO corderitem (order_id, course_id, course_price, qty, item_status, discount_percent, after_price, subtotal)
VALUES
('order20231201161501', 2, 1200, 5, 0, 90, 5400, 6000),
('order20231201163001', 3, 2500, 10, 0, 85, 21250, 25000),
('order20231201164501', 4, 2500, 20, 0, 80, 2000, 50000),
('order20231201170001', 1, 1500, 1, 0, 95, 1425, 1500),
('order20231201171501', 2, 1200, 5, 0, 90, 5400, 6000),
('order20231201173001', 3, 2500, 10, 0, 85, 21250, 25000),
('order20231201174501', 4, 2500, 20, 0, 80, 2000, 50000),
('order20231201180001', 1, 1500, 1, 0, 95, 1425, 1500),
('order20231201181501', 2, 1200, 5, 0, 90, 5400, 6000),
('order20231201183001', 3, 2500, 10, 0, 85, 21250, 25000),
('order20231201184501', 4, 2500, 20, 0, 80, 2000, 50000);


INSERT INTO coursediscount VALUES('git','5%off',95,'1970-01-01','2050-01-01');
INSERT INTO coursediscount VALUES('gitlab','10%off',90,'1970-01-01','2050-01-01');
INSERT INTO coursediscount VALUES('hibernate','15%off',85,'1970-01-01','2050-01-01');
INSERT INTO coursediscount VALUES('servlet','20%off',80,'1970-01-01','2050-01-01');
INSERT INTO coursediscount VALUES('nlnlouo','13%off',87,'1970-01-01','2050-01-01');
INSERT INTO coursediscount VALUES('springboot','20%off',80,'1970-01-01','2050-01-01');



--商城
--商品(20)
INSERT INTO product
    (product_name, category, image_url, price, stock, description, created_date, last_modified_date)
VALUES
    ('來學日本語初級1', '實體教材', 'https://cdn1.kingstone.com.tw/book/images/product/20180/2018030969844/2018030969844b.jpg', 277, 15, '來學日本語初級簡介', '2023-01-05 10:45:00', '2023-02-18 15:30:00'),
    ('基礎聽力全面掌握', '教材影片', 'https://cdn1.kingstone.com.tw/book/images/product/20180/2018053000395/2018053000395m.jpg', 253, 25, '基礎英語學習影片，適合初學者', '2023-02-05 14:20:00', '2023-02-06 09:45:00'),
    ('圖解流行‧搖滾音樂理論', '教材影片', 'https://cdn1.kingstone.com.tw/book/images/product/20191/2019110047520/2019110047520m.jpg', 450, 35, '音樂理論入門講解', '2023-03-12 16:00:00', '2023-03-13 08:30:00'),
    ('賽先生科學工廠－科學馬克杯系列／優雅化學元素表', '周邊商品', 'https://cdn1.kingstone.com.tw/cvlife/images/product/30600/3060000028701/3060000028701b.jpg', 490, 45, '超Geek超天才!用化學元素表自我介紹，這麼天才的事超geek的你一定懂', '2023-01-20 11:00:00', '2023-01-25 14:30:00'),
    ('賽先生科學工廠－科學馬克杯系列／我是天才', '周邊商品', 'https://cdn1.kingstone.com.tw/cvlife/images/product/30600/3060000028688/3060000028688b.jpg', 490, 12, '愛好化學的geek們怎麼能不心動!邊喝茶邊查詢元素表真是有夠愜意阿！', '2023-02-10 13:45:00', '2023-02-14 10:15:00'),
    ('世界最神奇的24堂課', '實體教材', 'https://cdn1.kingstone.com.tw/book/images/product/20149/2014940850302/2014940850302b.jpg', 238, 20, '一本在美國被禁70年的致富經典', '2023-03-05 10:30:00', '2023-03-06 12:45:00'),
    ('三麗鷗 多功能抽屜筆筒', '周邊商品', 'https://cdn1.kingstone.com.tw/cvlife/images/product/30600/3060000045863/3060000045863b.jpg', 500, 18, '可收納各式文具、小物', '2023-01-25 16:20:00', '2023-01-26 09:10:00'),
    ('最強暢聊法：笑神助攻！越聊越開心的說話術', '實體教材', 'https://cdn1.kingstone.com.tw/book/images/product/20119/2011920768503/2011920768503b.jpg', 238, 22, '專業笑匠的神之授課：溝通力╳搞笑力＝暢聊力', '2023-02-15 12:40:00', '2023-02-16 11:30:00'),
    ('MITTE 隨身 迷你收納包', '周邊商品', 'https://cdn1.kingstone.com.tw/cvlife/images/product/30600/3060000045772/3060000045772b.jpg', 323, 30, '適合收納零錢、折疊耳機等小物', '2023-03-01 14:50:00', '2023-03-02 13:20:00'),
    ('生活是碗湯，我手裡只有叉子', '實體教材', 'https://cdn1.kingstone.com.tw/book/images/product/20186/2018630633022/2018630633022b.jpg', 277, 16, '新銳圖文畫家兼心理諮商師「一天到晚氣fufu」療癒來襲', '2023-01-15 10:50:00', '2023-01-25 14:40:00'),
    ('雨天代我為妳哭', '實體教材', 'https://cdn1.kingstone.com.tw/book/images/product/20186/2018630642567/2018630642567b.jpg', 277, 14, '十八個故事，不同的感情狀況，有來不及的，有得不到的，有掙扎徬徨的，有愛著亦被愛的……', '2023-01-30 11:00:00', '2023-01-31 14:30:00'),
    ('小提琴家', '實體教材', 'https://cdn1.kingstone.com.tw/book/images/product/20186/2018630642567/2018630642567b.jpg', 324, 19, '泰絲・格里森完美融合歷史及心理驚悚生涯力作', '2023-02-10 16:30:00', '2023-02-12 15:20:00'),
    ('賽先生科學工廠－自轉地球儀－銀黑', '周邊商品', 'https://cdn1.kingstone.com.tw/cvlife/images/product/30800/3080000007143/3080000007143b.jpg', 890, 24, '超熱門辦公室擺飾！放在桌上看著它優雅的旋轉，心情都變好囉，穩定的站立自轉，不會滾走歐！', '2023-02-15 14:20:00', '2023-02-16 10:10:00'),
    ('【STAEDTLER 施德樓】頂極藍桿鉛筆-3H', '周邊商品', 'https://cdn1.kingstone.com.tw/cvlife/images/product/20812/2081211268951/2081211268951b.jpg', 189, 50, '青青 貓行李系列 CDM-393 2025 32K跨年精裝雙線圈手帳(191X140X17mm)', '2023-01-05 10:45:00', '2023-02-18 15:30:00'),
    ('CSS 大全 第五版', '實體教材', 'https://cdn1.kingstone.com.tw/book/images/product/20147/2014713672520/2014713672520b.jpg', 1258, 12, '適合初學者、複習者和對最新發展有興趣的開發者。', '2023-01-10 10:45:00', '2023-02-18 15:30:00'),
    ('【STAEDTLER PREMIUM】RESINA鋼珠筆黑_M尖', '周邊商品', 'https://cdn1.kingstone.com.tw/cvlife/images/product/30800/3080000022385/3080000022385b.jpg', 2680, 21, '以頂級樹脂(RESINA)包覆金屬筆身，簡約的設計、俐落的線條完全展現施德樓德國工藝精神，為PREMIUM系列的入門經典筆款。', '2023-03-01 14:50:00', '2023-03-02 13:20:00'),
    ('乾脆一次搞清楚：最完整詳細網路協定全書(第二版)', '實體教材', 'https://cdn1.kingstone.com.tw/book/images/product/20131/2013120702127/2013120702127b.jpg', 616, 26, '透過上手使用雲端運算、容器、微服務來進一步加深對於網路通訊協定的了解。', '2023-02-05 14:20:00', '2023-02-06 09:45:00'),
    ('Python範例學習書|輕鬆、有趣學習Python程式設計', '實體教材', 'https://cdn1.kingstone.com.tw/book/images/product/20147/2014713661371/2014713661371b.jpg', 308, 40, '快速入門Python程式設計，概念清楚講解，範例具實用性及趣味性。', '2023-02-15 16:00:00', '2023-02-16 10:10:00'),
    ('百樂×MARK S魔擦印章 三角-藍', '周邊商品', 'https://cdn1.kingstone.com.tw/cvlife/images/product/20822/2082281105023/2082281105023b.jpg', 48, 35, '完美裝飾您的筆記本', '2023-01-20 10:45:00', '2023-02-18 15:30:00'),
    ('圖解刑法 (9版)', '實體教材', 'https://cdn1.kingstone.com.tw/book/images/product/20158/2015850050493/2015850050493b.jpg', 300, 15, '新銳圖文畫家兼心理諮商師「一天到晚氣fufu」療癒來襲', '2023-03-01 10:45:00', '2023-03-02 15:30:00');


--商城訂單
-- 商品訂單 (20)
INSERT INTO orders (order_date, total_amount, order_status, payment_method, shipment_date, shipment_status, shipping_address, customer_name, phone, postal_code, notes)
VALUES 
('2023-05-01 10:00:00', 1985, N'已付款', N'綠界', '2023-05-02 10:00:00', N'已出貨', N'台北市中正區忠孝西路1段1號', N'陳大文', N'0912345678', N'100', N'無備註'),
('2023-05-02 11:00:00', 966, N'未付款', NULL, NULL, NULL, N'台北市大安區復興南路2段2號', N'林小明', N'0923456789', N'106', N'急件'),
('2023-05-03 12:00:00', 1754, N'已付款', N'LINE PAY', '2023-05-04 12:00:00', N'已出貨', N'新北市板橋區中山路1段3號', N'張志強', N'0934567890', N'220', N'無備註'),
('2023-05-04 13:00:00', 2994, N'已付款', N'綠界', '2023-05-05 13:00:00', N'已出貨', N'新北市新莊區中正路4號', N'李麗華', N'0945678901', N'242', N'無備註'),
('2023-05-05 14:00:00', 1825, N'未付款', NULL, NULL, NULL, N'台中市西屯區文心路1段5號', N'黃國華', N'0956789012', N'407', N'無備註'),
('2023-05-06 15:00:00', 2680, N'已付款', N'LINE PAY', '2023-05-07 15:00:00', N'已出貨', N'台中市南屯區大墩路6號', N'吳美麗', N'0967890123', N'408', N'無備註'),
('2023-05-07 16:00:00', 1232, N'未付款', NULL, NULL, NULL, N'台南市中西區成功路7號', N'周志偉', N'0978901234', N'700', N'無備註'),
('2023-05-08 17:00:00', 648, N'已付款', N'綠界', '2023-05-09 17:00:00', N'已出貨', N'台南市東區東寧路8號', N'鄭文豪', N'0989012345', N'701', N'無備註'),
('2023-05-09 18:00:00', 1728, N'未付款', NULL, NULL, NULL, N'高雄市苓雅區中山路9號', N'何靜宜', N'0990123456', N'802', N'無備註'),
('2023-05-10 19:00:00', 923, N'已付款', N'LINE PAY', '2023-05-11 19:00:00', N'已出貨', N'高雄市三民區建國路10號', N'許家豪', N'0910234567', N'807', N'無備註'),
('2023-05-11 20:00:00', 878, N'未付款', NULL, NULL, NULL, N'桃園市中壢區中央路11號', N'徐志成', N'0921345678', N'320', N'無備註'),
('2023-05-12 21:00:00', 2158, N'已付款', N'綠界', '2023-05-13 21:00:00', N'已出貨', N'桃園市桃園區民生路12號', N'王建國', N'0932456789', N'330', N'無備註'),
('2023-05-13 22:00:00', 6618, N'未付款', NULL, NULL, NULL, N'新竹市東區民族路13號', N'陳慧娟', N'0943567890', N'300', N'無備註'),
('2023-05-14 23:00:00', 616, N'已付款', N'LINE PAY', '2023-05-15 23:00:00', N'已出貨', N'新竹市北區光復路14號', N'劉志宏', N'0954678901', N'300', N'無備註'),
('2023-05-15 10:00:00', 1256, N'未付款', NULL, NULL, NULL, N'嘉義市西區民雄路15號', N'梁婉婷', N'0965789012', N'600', N'無備註'),
('2023-05-16 11:00:00', 490, N'已付款', N'綠界', '2023-05-17 11:00:00', N'已出貨', N'嘉義市東區林森路16號', N'林建平', N'0976890123', N'600', N'無備註'),
('2023-05-17 12:00:00', 1714, N'未付款', NULL, NULL, NULL, N'彰化市中正路17號', N'張怡君', N'0987901234', N'500', N'無備註'),
('2023-05-18 13:00:00', 646, N'已付款', N'LINE PAY', '2023-05-19 13:00:00', N'已出貨', N'彰化市民生路18號', N'楊宗翰', N'0998012345', N'500', N'無備註'),
('2023-05-19 14:00:00', 277, N'未付款', NULL, NULL, NULL, N'南投市中正路19號', N'郭志偉', N'0919012345', N'540', N'無備註'),
('2023-05-20 15:00:00', 1768, N'已付款', N'綠界', '2023-05-21 15:00:00', N'已出貨', N'南投市民生路20號', N'曾文豪', N'0920123456', N'540', N'無備註');

-- 商品訂單項目 (20)
INSERT INTO orderitem (order_id, product_id, product_name, quantity, product_price, sub_total)
VALUES
    (2001, 1, '來學日本語初級1', 2, 277, 554),
    (2001, 2, '基礎聽力全面掌握', 1, 253, 253),
    (2001, 3, '圖解流行‧搖滾音樂理論', 1, 450, 450),
    (2001, 4, '賽先生科學工廠－科學馬克杯系列／優雅化學元素表', 1, 490, 490),
    (2001, 5, '最強暢聊法：笑神助攻！越聊越開心的說話術', 1, 238, 238),
    (2002, 6, '賽先生科學工廠－科學馬克杯系列／我是天才', 1, 490, 490),
    (2002, 7, '世界最神奇的24堂課', 2, 238, 476),
    (2003, 8, 'MITTE 隨身 迷你收納包', 2, 323, 646),
    (2003, 9, '生活是碗湯，我手裡只有叉子', 1, 277, 277),
    (2003, 10, '雨天代我為妳哭', 3, 277, 831),
    (2004, 11, '小提琴家', 1, 324, 324),
    (2004, 12, '賽先生科學工廠－自轉地球儀－銀黑', 3, 890, 2670),
    (2005, 13, '【STAEDTLER 施德樓】頂極藍桿鉛筆-3H', 3, 189, 567),
    (2005, 14, 'CSS 大全 第五版', 1, 1258, 1258),
    (2006, 15, '【STAEDTLER PREMIUM】RESINA鋼珠筆黑_M尖', 1, 2680, 2680),
    (2007, 16, '乾脆一次搞清楚：最完整詳細網路協定全書(第二版)', 1, 616, 616),
    (2007, 17, 'Python範例學習書|輕鬆、有趣學習Python程式設計', 2, 308, 616),
    (2008, 18, '百樂×MARK S魔擦印章 三角-藍', 1, 48, 48),
    (2008, 19, '圖解刑法 (9版)', 2, 300, 600),
    (2009, 20, '賽先生科學工廠－科學馬克杯系列／我是天才', 1, 490, 490),
    (2009, 21, '世界最神奇的24堂課', 1, 238, 238),
    (2009, 22, '三麗鷗 多功能抽屜筆筒', 2, 500, 1000),
    (2010, 23, 'MITTE 隨身 迷你收納包', 2, 323, 646),
    (2010, 24, '生活是碗湯，我手裡只有叉子', 1, 277, 277),
    (2011, 25, '雨天代我為妳哭', 2, 277, 554),
    (2011, 26, '小提琴家', 1, 324, 324),
    (2012, 27, '賽先生科學工廠－自轉地球儀－銀黑', 2, 890, 1780),
    (2012, 28, '【STAEDTLER 施德樓】頂極藍桿鉛筆-3H', 2, 189, 378),
    (2013, 29, 'CSS 大全 第五版', 1, 1258, 1258),
    (2013, 30, '【STAEDTLER PREMIUM】RESINA鋼珠筆黑_M尖', 2, 2680, 5360),
    (2014, 31, '乾脆一次搞清楚：最完整詳細網路協定全書(第二版)', 1, 616, 616),
    (2015, 32, 'Python範例學習書|輕鬆、有趣學習Python程式設計', 1, 308, 308),
    (2015, 33, '百樂×MARK S魔擦印章 三角-藍', 1, 48, 48),
    (2015, 34, '圖解刑法 (9版)', 3, 300, 900),
    (2016, 35, '賽先生科學工廠－科學馬克杯系列／我是天才', 1, 490, 490),
    (2017, 36, '世界最神奇的24堂課', 2, 238, 476),
    (2017, 37, '三麗鷗 多功能抽屜筆筒', 2, 500, 1000),
    (2017, 38, '最強暢聊法：笑神助攻！越聊越開心的說話術', 1, 238, 238),
    (2018, 39, 'MITTE 隨身 迷你收納包', 2, 323, 646),
    (2019, 40, '生活是碗湯，我手裡只有叉子', 1, 277, 277),
    (2020, 41, '雨天代我為妳哭', 2, 277, 554),
    (2020, 42, '小提琴家', 1, 324, 324),
    (2020, 43, '賽先生科學工廠－自轉地球儀－銀黑', 1, 890, 890);



--學伴基本資料表
-- 加入20筆學伴資料到learning_companion表
INSERT INTO learning_companion (student_id, companion_first_language, companion_speaking_language, companion_learning_interest, companion_learning_frequency, companion_about_me, companion_photo)
VALUES
(1, '日文', '英文', '音樂創作', '每週4-7次', '我喜歡寫歌和唱歌', 'companion/CompanionImg/Aimyon.jpg'),
    (2, '英文', '日文', '語言學習', '每週4-7次', '我喜歡學習新語言', 'companion/CompanionImg/Betty.jpg'),
    (3, '中文', '英文', '程式設計', '每週1-3次', '我對Java很感興趣', 'companion/CompanionImg/Chris.jpg'),
    (4, '日文', '法文', '程式設計', '每週1-3次', '我想學python', 'companion/CompanionImg/Cindy.jpg'),
    (5, '法文', '英文', '語言學習', '每週4-7次', '我擅長數學，希望可以一起學新的語言', 'companion/CompanionImg/David.jpg'),
    (6, '韓文', '中文', '音樂創作', '每週1-3次', '我想寫出更好的歌詞', 'companion/CompanionImg/Taeyeon.jpg'),
    (7, '韓文', '英文', '數位學習', '每週4-7次', '喜歡運動', 'companion/CompanionImg/Dora.jpg'),
    (8, '英文', '西班牙文', '音樂創作', '每週1-3次', '我喜歡旅遊', 'companion/CompanionImg/Ella.jpg'),
    (9, '中文', '日文', '電腦繪圖', '每週4-7次', '我愛看電影', 'companion/CompanionImg/Jason.jpg'),
    (10, '法文', '英文', '語言學習', '每週1-3次', '我喜歡讀書', 'companion/CompanionImg/Joe.jpg'),
    (11, '西班牙文', '英文', '數位學習', '每週4-7次', '我會基礎的電腦繪圖，希望多學新的東西', 'companion/CompanionImg/John.jpg'),
    (12, '韓文', '法文', '電腦繪圖', '每週1-3次', '我喜歡拍照', 'companion/CompanionImg/Yoona.jpg'),
    (13, '英文', '中文', '程式設計', '每週4-7次', '我很喜歡寫python，想開始學Java', 'companion/CompanionImg/Lily.jpg'),
    (14, '中文', '英文', '電腦繪圖', '每週1-3次', '我喜歡做飯和旅遊', 'companion/CompanionImg/Paul.jpg'),
    (15, '中文', '英文', '程式設計', '每週4-7次', '我平常喜歡家庭園藝，想學C++', 'companion/CompanionImg/Peter.jpg'),
    (16, '法文', '日文', '語言學習', '每週1-3次', '我最近喜歡釣魚', 'companion/CompanionImg/Randy.jpg'),
    (17, '德文', '英文', '數位學習', '每週4-7次', '我的興趣是下棋', 'companion/CompanionImg/Ryan.jpg'),
    (18, '英文', '中文', '音樂創作', '每週1-3次', '熱愛攝影', 'companion/CompanionImg/Taylor.jpg'),
    (19, '英文', '法文', '電腦繪圖', '每週4-7次', '喜歡跑步', 'companion/CompanionImg/Tommy.jpg'),
    (20, '中文', '英文', '語言學習', '每週1-3次', '喜歡健身', 'companion/CompanionImg/Wally.jpg');


--論壇分類
CREATE TABLE forum_category (
    forum_category_id INT PRIMARY KEY IDENTITY(1,1),
    forum_category_name NVARCHAR(100) NOT NULL,
	forum_category_description NVARCHAR(1000) NULL,
    CONSTRAINT UQ_category_name UNIQUE (forum_category_name)
);

INSERT INTO forum_category (forum_category_name, forum_category_description)
VALUES
('Java', '深入探討Java程式語言，學習如何開發軟體和應用程式。'),
('英語', '提高英語聽說讀寫能力，掌握國際語言的精粹。'),
('美術', '從素描到數位繪畫，開發你的藝術天賦並展現創意。'),
('音樂理論', '學習音樂理論，探索作曲和演奏的基本技巧。'),
('數學', '解開數學謎題，從基礎算術到高等數學的全面探索。'),
('物理', '揭示物理學的奧秘，理解宇宙的基本法則。'),
('化學', '化學反應背後的科學，探索物質的性質和變化。'),
('生物學', '研究生命科學，從細胞結構到生態系統的動態。'),
('經濟學', '深入了解經濟學原理，分析市場和財政決策。'),
('歷史', '回顧歷史，了解不同文明的演變和重大事件。'),
('心理學', '探索心理學的領域，理解人類行為和心理過程。'),
('哲學', '哲學思辨，從倫理學到存在主義的深入討論。'),
('計算機科學', '從數據結構到人工智能，學習計算機科學的核心。'),
('企業管理', '為未來的管理者提供知識，學習管理策略和業務運作。'),
('市場營銷', '掌握市場營銷的技巧，學習如何吸引和保留客戶。'),
('會計', '學習會計原理，精通財務報表和審計流程。'),
('環境科學', '了解環境問題，探討可持續發展的解決方案。'),
('統計學', '掌握統計方法，分析數據以支持決策制定。'),
('德文', '用德文開拓視野，學習德國與歐洲文化。'),
('法律', '瞭解法律框架，探討法律問題和案例。'),
('健康與體育', '提升健康意識，學習體育運動和營養知識。'),
('藝術歷史', '穿越藝術的時空，從古典到現代藝術的演變。'),
('C++', '深入探討C++程式語言，學習如何開發軟體和應用程式。'),
('戲劇和表演藝術', '表達舞台藝術的魅力，學習表演技巧和戲劇製作。'),
('數字媒體製作', '掌握數字媒體的創作工具，從視頻製作到音頻編輯。');


SELECT*FROM forum_category
ORDER BY forum_category_id;


--論壇文章
CREATE TABLE forum_thread (
    thread_id INT PRIMARY KEY IDENTITY(1,1),
    forum_category_id INT NOT NULL,
	thread_student_id INT NULL,
	thread_teacher_id INT NULL,
	thread_admin_id INT NULL,
	thread_title VARCHAR(255) NOT NULL,
    thread_created_time DATETIME2 DEFAULT SYSDATETIME() NOT NULL,
    thread_content NVARCHAR(4000) NOT NULL,
    thread_upvote_count INT DEFAULT 0,
    thread_response_count INT DEFAULT 0,
    thread_status VARCHAR(20) CHECK (thread_status IN ('VISIBLE', 'EDITED', 'LOCKED', 'DELETED')) NOT NULL,
	CONSTRAINT FK_thread_category FOREIGN KEY(forum_category_id) REFERENCES forum_category(forum_category_id),
    CONSTRAINT FK_thread_student FOREIGN KEY(thread_student_id) REFERENCES student(student_id),
    CONSTRAINT FK_thread_teacher FOREIGN KEY(thread_teacher_id) REFERENCES teacher(teacher_id),
	CONSTRAINT FK_thread_admin FOREIGN KEY(thread_admin_id) REFERENCES admin(admin_id)
);


-- Threads created by students (1-10)
INSERT INTO forum_thread (forum_category_id, thread_student_id, thread_title, thread_content, thread_status, thread_upvote_count, thread_response_count) 
VALUES 
(1, 1, 'Java環境配置問題', '剛開始學習Java，建環境遇到的問題，安裝JDK和配置PATH時一直出錯。有沒有詳細的步驟指導？', 'VISIBLE', 5, 4),
(2, 2, '大家都能辨別不同英語口音嗎', '在學習英語過程中，我發現理解不同口音時很困難，尤其是印度口音。有沒有有效的練習方法來提升這方面的能力？', 'VISIBLE', 7, 4),
(3, 3, '美術學習中的色彩理論問題', '在學習繪畫時，對如何配色感到困惑。有沒有基本的色彩理論和實用的配色指南？', 'VISIBLE', 8, 4),
(4, 1, '音樂理論中的和聲學習困難', '音樂理論學習中，和聲部分特別難以掌握，有沒有學習資源或練習方法可以推薦？', 'VISIBLE', 6, 4),
(5, 2, '數學函數圖形的畫法', '在數學學習中，畫函數圖形時經常遇到困難，尤其是複雜函數的圖形。有沒有好的工具或方法來幫助理解和畫出這些圖形？', 'VISIBLE', 9, 4),
(6, 3, '物理學中的力學問題', '在學習力學時，對於牛頓運動定律的應用實例感到迷惑，如何更好地理解和應用這些定律？', 'VISIBLE', 11, 0),
(7, 1, '化學實驗中的安全問題', '在進行化學實驗時，經常擔心安全問題。有沒有一套完整的實驗室安全指南？', 'VISIBLE', 10, 0),
(8, 2, '生物學DNA複製機制的理解', '在學習DNA複製過程時，對酶的作用和整個複製機制的步驟感到困惑。如何更清晰地理解這一過程？', 'VISIBLE', 13, 0),
(9, 3, '經濟學中的微觀經濟與宏觀經濟', '如何區分微觀經濟學與宏觀經濟學？在學習經濟學理論時，這兩者有什麼聯繫和差異？', 'VISIBLE', 7,0),
(10, 1, '歷史學習中的時間線理解', '在學習歷史時，對於不同事件的時間線和背景常常感到困惑，有沒有好的學習方法來清晰地理解歷史事件的發展過程？', 'VISIBLE', 12, 0),
(1, 1, 'Java多線程問題', '學習Java多線程編程時，遇到資源競爭和死鎖的問題。請問有什麼避免這些問題的最佳實踐？多線程編程是Java中一個非常重要的概念，它允許我們同時運行多個線程來提高程序的執行效率。然而，多線程編程也帶來了一些挑戰，如資源競爭和死鎖問題。資源競爭是指多個線程同時訪問共享資源時可能引發的問題，而死鎖則是指多個線程因為互相等待資源而無法繼續執行。我們可以通過使用同步機制和設計模式來避免這些問題。例如，可以使用synchronized關鍵字來確保同一時間只有一個線程訪問共享資源，或者使用ReentrantLock來實現更靈活的鎖控制。此外，還可以採用避免死鎖的策略，如避免嵌套鎖定、設定鎖超時等。通過這些方法，可以有效地避免多線程編程中的常見問題，從而提高程序的穩定性和效率。', 'VISIBLE', 6, 0),
(2, 1, '英語發音準確性問題', '在學習英語時，我的發音總是無法達到母語者的水平。有哪些方法可以提高我的發音準確性？發音準確性是學習英語的重要部分之一，正確的發音可以幫助我們更好地與他人交流並提高聽力理解能力。要提高英語發音準確性，我們可以從以下幾個方面入手。首先，通過模仿和跟讀來練習發音，選擇一些發音清晰的音頻材料，反覆聆聽並模仿其中的發音。此外，可以利用語音學習軟體來檢測和矯正發音，如利用錄音功能對比自己的發音和母語者的發音，找出差異並進行改進。其次，多練習國際音標（IPA），掌握每個音標的發音規則和方法，這樣在遇到新的單詞時也能夠正確地發音。最後，多進行口語交流，找機會與母語者或英語流利者進行對話，通過實際的交流來提高發音準確性和流利度。通過這些方法，逐步提高自己的英語發音水平。', 'VISIBLE', 8, 0),
(1, 1, 'Java集合框架學習', '學習Java集合框架時，對於各種集合類型的區別和使用場景感到困惑。有沒有詳細的學習資源或指南？Java集合框架提供了一套非常強大的數據結構和算法，用於存儲和操作數據。常見的集合類型包括List、Set和Map，它們各有不同的特性和使用場景。例如，List是一個有序的集合，可以包含重複的元素，適合用於需要順序訪問的場景；Set是一個無序的集合，不允許重複的元素，適合用於需要唯一性約束的場景；Map是一個鍵值對集合，每個鍵對應一個值，適合用於需要快速查找的場景。為了更好地學習和理解這些集合類型，可以參考一些優秀的學習資源，如《Effective Java》和《Java編程思想》這兩本經典書籍。此外，官方文檔和一些線上教程也是很好的學習材料。通過不斷的實踐和應用，逐步掌握Java集合框架的精髓。', 'VISIBLE', 9, 0),
(2, 1, '提高英語聽力能力', '在英語學習中，聽力部分總是我的弱項。有什麼推薦的聽力練習資源或者方法可以提升這方面的能力？英語聽力是許多學習者的挑戰，但通過系統的練習和合適的資源，可以有效地提高聽力水平。首先，選擇一些適合自己水平的聽力材料，如英語新聞、播客、電影和電視劇，逐步提高聽力難度。在聽的過程中，可以先大致了解內容，再進行精聽，重點關注發音、語調和連讀現象。其次，可以使用一些專門的聽力練習應用，如TED、BBC Learning English和ESL Pod，這些應用提供了豐富的聽力資源和練習工具。此外，可以參加英語角或語言交換活動，通過與母語者的實際交流來提高聽力理解和反應能力。最後，保持每天的聽力練習，逐步提高聽力水平和自信心。通過這些方法，逐步提升自己的英語聽力能力。', 'VISIBLE', 7, 0),
(1, 1, 'Java異常處理機制', '在學習Java異常處理機制時，對於如何正確地捕捉和處理異常感到困惑。請問有什麼學習建議？Java異常處理機制是保障程序穩定性和可靠性的重要部分。正確地處理異常可以避免程序崩潰，並提供有用的錯誤信息以便於調試。在Java中，我們通常使用try-catch語句來捕捉和處理異常。在try塊中放置可能拋出異常的代碼，然後在catch塊中處理這些異常。此外，可以使用finally塊來執行一些無論是否發生異常都需要執行的清理操作。學習異常處理機制時，可以參考《Effective Java》和《Java編程思想》這兩本書中的相關章節，這些書提供了大量的實踐建議和最佳實踐。例如，在捕捉異常時，應該盡量捕捉具體的異常類型，而不是捕捉所有異常，這樣可以提高代碼的可讀性和可維護性。此外，應該避免使用空的catch塊，這樣會掩蓋程序中的錯誤，導致更難調試。通過不斷地實踐和應用，逐步掌握Java異常處理機制的精髓。', 'VISIBLE', 8, 0),
(2, 1, '英語寫作技巧', '學習英語寫作時，總是無法達到流暢和地道的效果。有哪些方法可以提升我的英語寫作水平？英語寫作是綜合語言能力的體現，要提高寫作水平，需要從詞彙、語法和表達技巧等多方面入手。首先，擴展詞彙量是提升寫作水平的基礎，可以通過閱讀和記錄筆記來積累詞彙，並學習其用法和搭配。其次，掌握語法規則，特別是常見的句型和時態用法，避免語法錯誤。可以使用一些語法檢查工具，如Grammarly，來幫助檢查和糾正語法錯誤。此外，多讀優秀的英文範文，學習其中的表達方式和寫作技巧，例如論點的陳述、論據的支持和結構的安排。最後，多練習寫作，寫完後請母語者或英語老師批改，並根據反饋進行修改。通過這些方法，逐步提升自己的英語寫作水平，達到流暢和地道的效果。', 'VISIBLE', 10, 0),
(1, 1, 'Java Stream API的使用', '在使用Java Stream API時，對於其操作和效率提升感到困惑。有沒有實用的範例和最佳實踐？Java Stream API是一個強大的工具，用於處理集合數據的操作和轉換。它提供了簡潔和高效的編程方式，可以大大提高代碼的可讀性和執行效率。學習使用Stream API，可以從基本操作開始，如filter、map和reduce，這些操作允許我們對集合中的元素進行篩選、轉換和聚合。例如，可以使用filter來篩選出滿足條件的元素，使用map來對元素進行轉換，使用reduce來對元素進行聚合。此外，還可以使用一些高階操作，如flatMap、sorted和collect，來實現更複雜的數據處理需求。在學習過程中，可以參考官方文檔和一些優秀的教程，如《Java 8 in Action》和《Modern Java in Action》，這些書提供了大量的實例和最佳實踐，幫助我們更好地掌握Stream API的使用。通過不斷地實踐和應用，逐步提高自己對Java Stream API的理解和使用能力。', 'VISIBLE', 6, 3),
(2, 1, '提升英語口語能力', '在英語口語練習中，經常感到緊張和表達不流利。有哪些有效的方法可以幫助我提高口語表達能力？英語口語能力是語言交流中非常重要的一部分，要提高口語能力，可以從以下幾個方面入手。首先，創造一個英語交流的環境，與母語者或英語流利者進行對話，通過實際的交流來提高口語表達能力。其次，模仿和跟讀是提高口語的一個有效方法，選擇一些發音清晰的音頻材料，反覆聆聽並模仿其中的發音和語調。可以使用一些語音學習應用，如HelloTalk和Tandem，這些應用提供了與母語者交流的機會。此外，多參加英語角或語言交換活動，與其他英語學習者進行交流，分享學習經驗和方法。最後，保持每天的口語練習，逐步提高口語流利度和自信心。通過這些方法，逐步提升自己的英語口語能力。', 'VISIBLE', 9, 0),
(1, 1, 'Java內存管理問題', '在學習Java內存管理時，對於垃圾回收機制和內存洩漏的預防感到困惑。請問有什麼深入學習的資源？Java內存管理是一個非常重要的話題，它直接影響程序的性能和穩定性。垃圾回收機制是Java內存管理的一個核心部分，它自動釋放不再使用的內存，避免內存洩漏和程序崩潰。然而，要有效地利用垃圾回收機制，我們需要了解其工作原理和最佳實踐。例如，了解不同的垃圾回收器，如Serial、Parallel和G1垃圾回收器，它們在不同的場景下有不同的優勢和適用範圍。此外，應該避免在代碼中創建過多的臨時對象，因為這會增加垃圾回收的負擔。可以參考一些優秀的學習資源，如《Java Performance》和《Java Memory Management》，這些書提供了深入的理論和實踐指導。通過這些資源的學習，逐步提高自己對Java內存管理的理解和應用能力。', 'VISIBLE', 7, 0),
(2, 1, '英語語法學習困難', '在學習英語語法時，經常遇到一些複雜的語法規則無法掌握。有哪些系統的學習方法可以推薦？英語語法是學習英語的重要組成部分，掌握語法規則對於提高語言運用能力非常重要。要系統地學習英語語法，可以從以下幾個方面入手。首先，選擇一本好的語法書，如《English Grammar in Use》或《Advanced Grammar in Use》，這些書提供了詳細的語法解釋和練習題，幫助我們理解和應用語法規則。其次，通過做練習題來鞏固語法知識，可以利用一些在線語法練習網站，如Grammarly和Khan Academy，這些網站提供了豐富的語法練習資源。此外，多讀英文文章和書籍，通過閱讀來自然地學習語法規則和用法。在閱讀過程中，可以做筆記和標記，記錄下不熟悉的語法現象，然後查詢和學習。最後，多寫作並請母語者或老師批改，通過實際的寫作練習來提高語法運用能力。通過這些方法，逐步掌握英語語法規則，提升語言運用能力。', 'VISIBLE', 8, 0),
(1, 1, 'Java網絡編程入門', '在學習Java網絡編程時，對於Socket和ServerSocket的用法不太明白。有沒有簡單易懂的教學資源？Java網絡編程是一個重要的技能，特別是在開發網絡應用和分佈式系統時。在學習Java網絡編程時，我們需要了解Socket和ServerSocket這兩個核心類。Socket類用於建立客戶端與服務器之間的連接，而ServerSocket類則用於監聽和接受客戶端的連接請求。要學習這些概念，可以參考一些優秀的學習資源，如《Java Network Programming》和《Java Networking and Security》。這些書提供了詳細的理論知識和實踐指南，幫助我們理解和應用網絡編程技術。此外，可以參考一些在線教程和示例代碼，通過實際的編程練習來掌握Socket和ServerSocket的用法。例如，可以嘗試編寫一個簡單的聊天應用或文件傳輸應用，這些實際項目可以幫助我們更好地理解網絡編程的基本概念和技術。通過這些方法，逐步掌握Java網絡編程的技能。', 'VISIBLE', 5, 0),
(2, 1, '準確理解英語時態', '在學習英語時態時，經常混淆不同時態的用法。有什麼有效的方法或練習來幫助我掌握英語時態？英語時態是英語語法中的一個重要部分，正確地理解和使用時態可以大大提高我們的語言表達能力。要掌握英語時態，可以從以下幾個方面入手。首先，系統地學習各個時態的用法和規則，可以參考一些優秀的語法書，如《English Grammar in Use》和《Advanced Grammar in Use》，這些書提供了詳細的時態解釋和練習題，幫助我們理解和應用時態規則。其次，通過做練習題來鞏固時態知識，可以利用一些在線語法練習網站，如Grammarly和Khan Academy，這些網站提供了豐富的時態練習資源。此外，多讀英文文章和書籍，通過閱讀來自然地學習時態的用法。在閱讀過程中，可以做筆記和標記，記錄下不熟悉的時態現象，然後查詢和學習。最後，多寫作並請母語者或老師批改，通過實際的寫作練習來提高時態運用能力。通過這些方法，逐步掌握英語時態，提升語言運用能力。', 'VISIBLE', 7, 0),
(1, 1, 'Java數據庫連接', '在使用Java進行數據庫連接時，經常遇到連接超時或數據讀取錯誤。請問有什麼解決方法？Java數據庫連接是一個非常重要的技術，特別是在開發數據驅動的應用時。在使用Java進行數據庫連接時，我們通常使用JDBC（Java Database Connectivity）來實現與數據庫的交互。要解決連接超時或數據讀取錯誤的問題，可以從以下幾個方面入手。首先，檢查數據庫連接配置，包括數據庫URL、用戶名和密碼是否正確，確保數據庫服務器處於運行狀態。其次，優化數據庫查詢，避免長時間的查詢操作導致連接超時，可以使用索引來提高查詢效率。此外，設置合適的連接超時和讀取超時參數，確保在連接或讀取操作超時時能夠及時報錯和處理。最後，使用連接池技術來管理數據庫連接，避免頻繁創建和銷毀連接帶來的性能開銷。可以使用一些成熟的連接池框架，如Apache DBCP和HikariCP，這些框架提供了高效的連接池管理功能。通過這些方法，可以有效地解決Java數據庫連接中的常見問題，提升應用的穩定性和性能。', 'VISIBLE', 6, 0),
(2, 1, '提升英語閱讀理解能力', '在英語閱讀中，經常無法理解文章的核心內容。有什麼方法可以提升我的閱讀理解能力？英語閱讀理解能力是學習英語的重要組成部分，要提升閱讀理解能力，可以從以下幾個方面入手。首先，選擇適合自己水平的閱讀材料，從簡單的文章開始，逐步提升難度。可以選擇一些經典的英文小說、新聞報導和學術文章，通過廣泛閱讀來提高理解能力。其次，學會做閱讀筆記，記錄下不熟悉的詞彙、句型和語法現象，然後查詢和學習。在閱讀過程中，可以做摘要和提問，幫助自己更好地理解文章的結構和內容。此外，多參加閱讀討論活動，與其他學習者分享閱讀體驗和心得，通過交流來深化理解。最後，保持每天的閱讀練習，逐步提升閱讀速度和理解能力。通過這些方法，逐步提高自己的英語閱讀理解能力，能夠更好地理解和應用英語文章。', 'VISIBLE', 8, 0),
(1, 1, 'Java設計模式學習', '學習Java設計模式時，對於不同模式的應用場景不太了解。有沒有系統的學習資源和例子？Java設計模式是提高代碼質量和可維護性的有效工具。常見的設計模式包括創建型模式、結構型模式和行為型模式，它們各有不同的應用場景和優勢。例如，創建型模式關注對象的創建過程，適合用於需要靈活創建對象的場景，如單例模式和工廠模式；結構型模式關注對象之間的組合和結構，適合用於需要靈活組合對象的場景，如裝飾模式和代理模式；行為型模式關注對象之間的交互和職責分配，適合用於需要靈活協作對象的場景，如觀察者模式和策略模式。要系統地學習設計模式，可以參考一些經典的書籍，如《Design Patterns: Elements of Reusable Object-Oriented Software》和《Head First Design Patterns》。這些書提供了詳細的理論解釋和實踐例子，幫助我們理解和應用設計模式。此外，可以參考一些線上教程和示例代碼，通過實際的編程練習來掌握設計模式的使用。通過這些方法，逐步提高自己對Java設計模式的理解和應用能力。', 'VISIBLE', 9, 0),
(2, 1, '英語詞彙量擴展', '在學習英語時，詞彙量總是無法快速擴展。有哪些有效的方法可以增加我的詞彙量？詞彙量是學習英語的重要基礎，擴展詞彙量可以大大提高我們的語言運用能力。要增加詞彙量，可以從以下幾個方面入手。首先，多讀英文文章和書籍，通過廣泛閱讀來接觸和學習新的詞彙。在閱讀過程中，可以做筆記和標記，記錄下不熟悉的詞彙，然後查詢和學習。其次，使用一些詞彙學習應用，如Anki和Memrise，這些應用提供了豐富的詞彙學習資源和記憶方法，幫助我們更好地記住和掌握詞彙。此外，多參加英語角或語言交換活動，通過實際的交流來運用和鞏固新學到的詞彙。最後，保持每天的詞彙學習，逐步積累和擴展詞彙量。通過這些方法，逐步提高自己的英語詞彙量，能夠更好地理解和應用英語語言。', 'VISIBLE', 7, 0),
(1, 1, 'Java GUI編程入門', '在學習Java GUI編程時，對於Swing和JavaFX的使用不太明白。有沒有簡單的入門教學？Java GUI編程是開發桌面應用的重要技能，Swing和JavaFX是兩個常用的GUI框架。Swing是一個較早期的GUI框架，提供了豐富的組件和佈局管理器，而JavaFX是一個較新的GUI框架，提供了更強大的功能和更靈活的佈局管理。要學習這些框架，可以參考一些優秀的學習資源，如《Java Swing Tutorial》和《JavaFX 8: Introduction by Example》。這些書提供了詳細的理論知識和實踐指南，幫助我們理解和應用GUI編程技術。此外，可以參考一些在線教程和示例代碼，通過實際的編程練習來掌握Swing和JavaFX的用法。例如，可以嘗試編寫一個簡單的計算器應用或圖形編輯器，這些實際項目可以幫助我們更好地理解GUI編程的基本概念和技術。通過這些方法，逐步掌握Java GUI編程的技能。', 'VISIBLE', 8, 0),
(2, 1, '提高英語聽說讀寫能力', '在全面提升英語聽說讀寫能力時，應該如何制定學習計劃？有沒有推薦的學習資源？全面提升英語聽說讀寫能力需要系統的學習計劃和豐富的學習資源。首先，制定一個合理的學習計劃，確定每天的學習時間和學習目標，可以根據自己的水平和需求來安排聽說讀寫的練習比例。其次，選擇一些優秀的學習資源，如《English Grammar in Use》、《Advanced Grammar in Use》和《Cambridge English Skills》。這些書提供了豐富的語法知識和練習題，幫助我們提高語言運用能力。此外，多參加英語角或語言交換活動，通過實際的交流來提高聽說能力。多讀英文文章和書籍，通過廣泛閱讀來提高閱讀理解能力。多寫作並請母語者或老師批改，通過實際的寫作練習來提高寫作能力。保持每天的練習，逐步提高自己的英語聽說讀寫能力，達到全面提升的目標。', 'VISIBLE', 10, 0);


-- Threads created by teachers (11-20)
INSERT INTO forum_thread (forum_category_id, thread_teacher_id, thread_title, thread_content, thread_status, thread_upvote_count, thread_response_count) 
VALUES 
(1, 1, 'Java錯誤處理', '在Java編程中，錯誤處理是確保程序穩定運行的關鍵。本文將分享一些錯誤處理的最佳實踐和常見錯誤避免技巧。', 'VISIBLE', 14, 4),
(2, 2, '英語口語的快速提升技巧', '許多學生在提升英語口語方面遇到困難。這裡將分享一些有效的練習方法和技巧來快速提高你的英語口語能力。', 'VISIBLE', 15, 4),
(3, 3, '數位繪畫工具和技巧介紹', '在美術學習中，數位繪畫是一個重要分支。本帖將介紹一些流行的數位繪畫工具和基本技巧。', 'VISIBLE', 13, 4),
(4, 1, '音樂作曲的基礎知識', '學習音樂理論是作曲的基礎。本帖將介紹一些作曲的基礎知識和創作技巧，幫助你開始你的音樂創作旅程。', 'VISIBLE', 16, 4),
(5, 2, '數學證明技巧和策略', '在高等數學學習中，數學證明是一個挑戰。這裡將分享一些證明技巧和策略來幫助你理解並解決複雜的數學問題。', 'VISIBLE', 18, 4),
(6, 3, '物理實驗的設計與分析', '進行物理實驗是理解理論的一個重要方法。本帖將討論如何設計實驗並分析實驗數據，以提高學習效果。', 'VISIBLE', 17, 0),
(7, 1, '化學平衡的深入探討', '化學反應中的平衡狀態是一個複雜的主題。這裡將深入探討化學平衡的概念和計算方法。', 'VISIBLE', 19,0),
(8, 2, '生物學中的遺傳學基礎', '遺傳學是生物學的一個重要分支。本帖將介紹遺傳學的基礎知識和一些基本的遺傳實驗方法。', 'VISIBLE', 14, 0),
(9, 3, '宏觀經濟學中的政策分析', '宏觀經濟學中的政策分析對理解國家經濟政策的影響至關重要。本帖將分析一些關鍵的經濟政策及其對經濟的影響。', 'VISIBLE', 12, 0),
(10, 1, '歷史研究方法與技巧', '在歷史研究中，使用正確的研究方法和技巧是非常重要的。這裡將分享一些有效的歷史研究方法來幫助你進行學術研究。', 'VISIBLE', 11, 0);

-- Threads created by admins (21-25)
INSERT INTO forum_thread (forum_category_id, thread_admin_id, thread_title, thread_content, thread_status, thread_upvote_count, thread_response_count) 
VALUES 
(1, 1, 'Java學習資源更新', '我們更新了Java學習資源，包括最新的教程和實例。這些資源旨在幫助初學者和進階開發者提升他們的Java技能。', 'VISIBLE', 20, 4),
(2, 1, '英語學習平台優化公告', '為了提升英語學習的效果，我們對學習平台進行了一系列的優化調整。歡迎大家體驗新的學習工具和資源。', 'VISIBLE', 18, 4),
(3, 1, '美術課程新開設通知', '我們將開設新的美術課程，包括現代藝術和傳統繪畫技巧。這些課程適合所有水平的學習者。', 'VISIBLE', 15, 0),
(4, 1, '音樂理論課程更新', '我們更新了音樂理論課程，新增了多種樂器的教學內容。這將幫助學生更全面地理解音樂理論和實踐。', 'VISIBLE', 12, 0),
(5, 1, '數學線上輔導服務', '為了支持學生在數學學習中的需求，我們推出了線上輔導服務。這項服務將提供個別輔導和答疑。', 'VISIBLE', 10, 0);

SELECT* FROM forum_thread;


--論壇留言
CREATE TABLE forum_post (
    post_id INT PRIMARY KEY IDENTITY(1,1),
	post_student_id INT NULL,
	post_teacher_id INT NULL,
	post_admin_id INT NULL,
	thread_id INT NOT NULL,
    parent_post_id INT NULL,
    post_content NVARCHAR(1200) NOT NULL,
    post_upvote_count INT DEFAULT 0,
	post_response_count INT DEFAULT 0, 
    post_created_time DATETIME2 DEFAULT SYSDATETIME() NOT NULL,
    post_status VARCHAR(10) CHECK (post_status IN ('VISIBLE', 'EDITED', 'LOCKED', 'DELETED')) NOT NULL,
    CONSTRAINT FK_thread_id FOREIGN KEY(thread_id) REFERENCES forum_thread(thread_id) ON DELETE CASCADE,
	CONSTRAINT FK_post_creator1 FOREIGN KEY(post_student_id) REFERENCES student(student_id),
    CONSTRAINT FK_post_creator2 FOREIGN KEY(post_teacher_id) REFERENCES teacher(teacher_id),
	CONSTRAINT FK_post_parent_post FOREIGN KEY (parent_post_id) REFERENCES forum_post(post_id),
	CONSTRAINT CHK_post_hierarchy CHECK (parent_post_id IS NULL OR parent_post_id <> post_id),
);

-- Thread 1: student-Java環境配置問題
-- Parent post 1
INSERT INTO forum_post (post_student_id, thread_id, parent_post_id, post_content, post_upvote_count, post_response_count, post_status) 
VALUES (2, 1, NULL, '同問!有誰遇到過類似的問題嗎？', 5, 2, 'VISIBLE');
-- Child posts for parent post 1
INSERT INTO forum_post (post_student_id, thread_id, parent_post_id, post_content, post_upvote_count, post_response_count, post_status) 
VALUES (3, 1, 1, '我之前也有遇過，重啟安裝就好了，應該是安裝過程有問題。', 2, 0, 'VISIBLE');
INSERT INTO forum_post (post_teacher_id, thread_id, parent_post_id, post_content, post_upvote_count, post_response_count, post_status) 
VALUES (1, 1, 1, '要確保環境變數設置正確，可以參考這篇官方文件。', 3, 0, 'VISIBLE');
-- Parent post 2
INSERT INTO forum_post (post_student_id, thread_id, parent_post_id, post_content, post_upvote_count, post_response_count, post_status) 
VALUES (1, 1, NULL, '我有寫一個詳細的教學可以參考，網址如下：xxxxxx。希望對你有幫助。', 4, 0, 'VISIBLE');

-- Thread 2: student-大家都能辨別不同英語口音嗎
-- Parent post 1
INSERT INTO forum_post (post_student_id, thread_id, parent_post_id, post_content, post_upvote_count, post_response_count, post_status) 
VALUES (1, 2, NULL, '我也有同樣的問題，尤其是在電話的時候。', 6, 2, 'VISIBLE');
-- Child posts for parent post 1
INSERT INTO forum_post (post_teacher_id, thread_id, parent_post_id, post_content, post_upvote_count, post_response_count, post_status) 
VALUES (2, 2, 5, '可以試著聽不同的podcast熟悉各種口音，找自己有興趣的主題會比較有動力。', 5, 0, 'VISIBLE');
INSERT INTO forum_post (post_student_id, thread_id, parent_post_id, post_content, post_upvote_count, post_response_count, post_status) 
VALUES (3, 2, 5, '看電影或影集也很有幫助喔!', 3, 0, 'VISIBLE');
-- Parent post 2
INSERT INTO forum_post (post_student_id, thread_id, parent_post_id, post_content, post_upvote_count, post_response_count, post_status) 
VALUES (2, 2, NULL, '請問有沒有推薦的影集或適合初學者的podcast練習資源呢？', 7, 0, 'VISIBLE');

-- Thread 11: teacher-Java錯誤處理
-- Parent post 1
INSERT INTO forum_post (post_teacher_id, thread_id, parent_post_id, post_content, post_upvote_count, post_response_count, post_status) 
VALUES (1, 11, NULL, '這是一個常見的問題，我會發布一些錯誤處理的技巧。', 14, 2, 'VISIBLE');
-- Child posts for parent post 1
INSERT INTO forum_post (post_student_id, thread_id, parent_post_id, post_content, post_upvote_count, post_response_count, post_status) 
VALUES (1, 11, 9, '感謝分享，這對我很有幫助！', 2, 0, 'VISIBLE');
INSERT INTO forum_post (post_student_id, thread_id, parent_post_id, post_content, post_upvote_count, post_response_count, post_status) 
VALUES (2, 11, 9, '能否提供更多關於異常處理的例子？', 3, 0, 'VISIBLE');
-- Parent post 2
INSERT INTO forum_post (post_teacher_id, thread_id, parent_post_id, post_content, post_upvote_count, post_response_count, post_status) 
VALUES (2, 11, NULL, '我將在下一篇文章中進一步深入討論。', 15, 0, 'VISIBLE');

-- Thread 21: admin-Java學習資源更新
-- Parent post 1
INSERT INTO forum_post (post_admin_id, thread_id, parent_post_id, post_content, post_upvote_count, post_response_count, post_status) 
VALUES (1, 21, NULL, '歡迎大家查看更新後的資源，希望大家能喜歡。', 20, 2, 'VISIBLE');
-- Child posts for parent post 1
INSERT INTO forum_post (post_student_id, thread_id, parent_post_id, post_content, post_upvote_count, post_response_count, post_status) 
VALUES (2, 21, 13, '哇!推用心，管理員也太佛心了!', 14, 0, 'VISIBLE');

-- Parent post 2
INSERT INTO forum_post (post_student_id, thread_id, parent_post_id, post_content, post_upvote_count, post_response_count, post_status) 
VALUES (3, 21, 14, '真的，我的老師也有推薦我看這些，我覺得很實用!', 17, 0, 'VISIBLE');


--論壇圖片
CREATE TABLE forum_image (
    forum_image_id INT IDENTITY(1,1) PRIMARY KEY,
    thread_id INT NULL,
    post_id INT NULL,
    forum_image_path NVARCHAR(MAX),
    forum_image_upload_date DATETIME2 DEFAULT SYSDATETIME() NOT NULL,
    CONSTRAINT FK_image_thread_id FOREIGN KEY (thread_id) REFERENCES forum_thread(thread_id),
    CONSTRAINT FK_image_post_id FOREIGN KEY (post_id) REFERENCES forum_post(post_id)
);

